docid,oldauthor,author,authordate,inferreddate,latestcomp,datetype,startdate,enddate,imprint,imprintdate,contents,genres,subjects,geographics,locnum,oclc,place,recordid,instances,allcopiesofwork,copiesin25yrs,enumcron,volnum,title,parttitle,earlyedition,shorttitle,nonficprob,juvenileprob,first_name,estimated_gender,avg_sentence_count,var_sentence_count,avg_line_count,var_line_count,avg_tokens_per_page,var_tokens_per_page,cap_alpha_freq,genre_tag,lcc_category,full_title,stories_match,tales_match,sketches_match,narratives_match,fables_match,anecdotes_match
mdp.39015024477674,"Mrs. Gunning, (Susannah)","Gunning, (Susannah), Mrs",1740?-1800.,1792.0,1792.0,s,1792,    ,London;Printed for W. Lane;1792.,1792,,,,,,23625306.0,enk,245027,1,1.0,1.0,v.1,1.0,Anecdotes of the Delborough family. | A novel ... | $c: By Mrs. Gunning.,,True,Anecdotes of the Delborough family. A novel,0.0350568344873572,0.0132752346490488,Susannah,f,4.91358024691358,6.5727785398567296,20.637450199203187,28.69325883716132,163.29482071713147,2413.6102919001287,0.9,['fiction'],['unknown'],anecdotes of the delborough family. | a novel ... | $c: by mrs. gunning.  anecdotes of the delborough family. a novel,False,False,False,False,False,True
mdp.39015031644233,,,,1793.0,1793.0,s,1793,    ,London;Printed for Hookham & Carpenter;1793.,1793,,,,,PZ3.M6675,23628563.0,enk,450124,1,1.0,1.0,ser.2 no.2666/v.1 1793,2.0,"The Minstrel; | or, Anecdotes of distinguished personages in the fifteenth century [a novel]",,True,"The Minstrel; or, Anecdotes of distinguished personages in the fifteenth century [a novel]",0.2497201244868522,0.0401824614751409,,unknown,5.547140649149923,5.774825672644401,23.69724770642202,12.14993126280055,176.86544342507645,1190.370273733038,1.4,['fiction'],['fiction and juvenile belles lettres'],"the minstrel; | or, anecdotes of distinguished personages in the fifteenth century [a novel]  the minstrel; or, anecdotes of distinguished personages in the fifteenth century [a novel]",False,False,False,False,False,True
nyp.33433074931506,,,,1793.0,1793.0,s,1793,    ,London;C. and G. Kearsley;1793.,1793,,,Wit and humor,,,32399529.0,enk,8637164,1,1.0,1.0,,,"The festival of wit; or, Small talker: being a collection of bon mots, anecdotes, &c., of the most exalted characters; | $c: procured and selected by G--- K---, summer resident at Windsor.",,True,"The festival of wit; or, Small talker: being a collection of bon mots, anecdotes, &c., of the most exalted characters;",0.8617990460781128,0.1745057508078536,,unknown,8.459770114942529,9.627691901175847,29.51363636363636,25.908904958677685,233.6590909090909,1950.4519628099167,0.9,['unknown'],['unknown'],"the festival of wit; or, small talker: being a collection of bon mots, anecdotes, &c., of the most exalted characters; | $c: procured and selected by g--- k---, summer resident at windsor.  the festival of wit; or, small talker: being a collection of bon mots, anecdotes, &c., of the most exalted characters;",False,False,False,False,False,True
mdp.39015021028801,,,,1795.0,1795.0,s,1795,    ,York;Printed and sold by E. and R. Peck;1795.,1795,,,"Metcalf, John|1717-1810",,,23618240.0,enk,2017336,1,1.0,1.0,,,"The life of John Metcalf, commonly called Blind Jack of Knaresborough. | With many entertaining anecdotes of his exploits in hunting, card-playing, &c. Some particulars relative to the expedition against the rebels in 1745, in which he bore a personal share; and also a succinct account of his various contracts for making roads, erecting bridges, and other undertakings, in Yorkshire, Derbyshire, and Cheshire ...",,True,"The life of John Metcalf, commonly called Blind Jack of Knaresborough. With many entertaining anecdotes of his exploits in hunting, card-playing, &c. Some particulars relative to the expedition against the rebels in 1745, in which he bore a personal share; and also a succinct account of his various contracts for making roads, erecting bridges, and other undertakings, in Yorkshire, Derbyshire, and Cheshire",0.9530786431559698,0.4378126794523188,,unknown,6.343558282208589,4.667243780345515,24.75147928994083,32.82581142116872,199.5798816568048,2783.628234305522,1.1,['unknown'],['unknown'],"the life of john metcalf, commonly called blind jack of knaresborough. | with many entertaining anecdotes of his exploits in hunting, card-playing, &c. some particulars relative to the expedition against the rebels in 1745, in which he bore a personal share; and also a succinct account of his various contracts for making roads, erecting bridges, and other undertakings, in yorkshire, derbyshire, and cheshire ...  the life of john metcalf, commonly called blind jack of knaresborough. with many entertaining anecdotes of his exploits in hunting, card-playing, &c. some particulars relative to the expedition against the rebels in 1745, in which he bore a personal share; and also a succinct account of his various contracts for making roads, erecting bridges, and other undertakings, in yorkshire, derbyshire, and cheshire",False,False,False,False,False,True
hvd.hw204v,"Rulhière, Claude Carloman de","Rulhière, Claude Carloman de",1734-1791.,1797.0,1791.0,s,1797,    ,London;M. Beauvalet;1797.,1797,,,,,,15935043.0,enk,9714009,1,1.0,1.0,,,"The history, or anecdotes, of the revolution in Russia, in the year 1762. | Tr. from the French.",,True,"The history, or anecdotes, of the revolution in Russia, in the year 1762. Tr. from the French",0.7452994407275442,0.243454292308013,Claude,m,5.28193832599119,3.303770692231559,22.085836909871244,11.202932454088304,165.88841201716738,1054.0905524139328,1.7,['unknown'],['unknown'],"the history, or anecdotes, of the revolution in russia, in the year 1762. | tr. from the french.  the history, or anecdotes, of the revolution in russia, in the year 1762. tr. from the french",False,False,False,False,False,True
ucm.5320307018,,,,1800.0,1800.0,s,1800,    ,Shrewsbury;printed by J. and W. Eddowes...;1800.,1800,,,,,,,enk,9341787,1,1.0,1.0,,,"Tales, anecdotes, and letters / | $c: translated from the arabic and persian by Jonathan Scott.",,True,"Tales, anecdotes, and letters",0.8259872284425493,0.0459575428200733,,unknown,7.052631578947368,9.541852342526798,21.948888888888888,47.88405432098766,168.48666666666668,4410.152044444444,0.4,['fiction'],['unknown'],"tales, anecdotes, and letters / | $c: translated from the arabic and persian by jonathan scott.  tales, anecdotes, and letters",False,True,False,False,False,True
uiuo.ark+=13960=t1qf9705s,"Le Noir, Elizabeth Anne","Le Noir, Elizabeth Anne",,1804.0,1804.0,s,1804,    ,London;Vernor and Hood;1804.,1804,,,,,,13044043.0,enk,8724101,1,1.0,1.0,v.1,1.0,"Village anecdotes; or, The journal of a year, from Sophia to Edward",,True,"Village anecdotes; or, The journal of a year, from Sophia to Edward",0.268269578532532,0.221345017816576,Elizabeth,f,7.097378277153558,6.844450055408268,26.0,17.73431734317343,191.8413284132841,1391.7275908552444,2.6,['unknown'],['unknown'],"village anecdotes; or, the journal of a year, from sophia to edward  village anecdotes; or, the journal of a year, from sophia to edward",False,False,False,False,False,True
uc2.ark+=13960=t4sj1sc49,"Sketchwell, Barnaby","Sketchwell, Barnaby",,1809.0,1809.0,s,1809,    ,London;Printed for B. Crosby and Co. : Sold by the booksellers in Bond-Street;1809.,1809,,,,,,11870106.0,enk,7708469,1,1.0,1.0,v.1-2,1.0,"London characters, or, Anecdotes, fashions, and customs, of the present century",,True,"London characters, or, Anecdotes, fashions, and customs, of the present century",0.2107678389697792,0.0135009553251532,Barnaby,m,5.854046242774566,5.595749523873167,26.126780626780626,22.438342627089067,168.58689458689457,1451.7752128635318,1.9,['unknown'],['unknown'],"london characters, or, anecdotes, fashions, and customs, of the present century  london characters, or, anecdotes, fashions, and customs, of the present century",False,False,False,False,False,True
uiuo.ark+=13960=t8df73z71,,,,1809.0,1809.0,s,1809,    ,London;Printed for W. Miller;1809.,1809,,,,,,12064254.0,enk,8719524,1,1.0,1.0,v.1,1.0,"The English brothers; or, Anecdotes of the Howard family",,True,"The English brothers; or, Anecdotes of the Howard family",0.1028725321570181,0.3977368653164549,,unknown,7.493827160493828,7.367245846669714,24.6030303030303,17.112112029384758,183.6818181818182,1495.31391184573,0.9,['unknown'],['unknown'],"the english brothers; or, anecdotes of the howard family  the english brothers; or, anecdotes of the howard family",False,False,False,False,False,True
uiuo.ark+=13960=t9j399s2p,,,,1809.0,1809.0,s,1809,    ,London;Printed for J. Budd;1809.,1809,,,,,,35120559.0,enk,8721661,1,1.0,1.0,v.1,1.0,"Modern times, or, Anecdotes of the English family",,True,"Modern times, or, Anecdotes of the English family",0.0281943485088643,0.0149418594727826,,unknown,4.649305555555555,5.672152295524692,22.50859106529209,14.078104887755224,158.26460481099656,1254.338919001901,1.8,['fiction'],['unknown'],"modern times, or, anecdotes of the english family  modern times, or, anecdotes of the english family",False,False,False,False,False,True
uiuo.ark+=13960=t7br98r5d,,,,1810.0,1810.0,s,1810,    ,"London;Printed for the authoress and sold by Sherwood, Neely, and Jones;1810.",1810,,,,,,30364815.0,enk,8717971,1,1.0,1.0,v.1,1.0,"The adulteress ; or, anecdotes of two noble families",,True,"The adulteress ; or, anecdotes of two noble families",0.0,0.0,,unknown,6.929765886287625,9.128846433485084,27.49,18.203233333333337,200.57333333333327,1513.4646222222225,1.5,['unknown'],['unknown'],"the adulteress ; or, anecdotes of two noble families  the adulteress ; or, anecdotes of two noble families",False,False,False,False,False,True
uc1.b3548239,"Disraeli, Isaac","Disraeli, Isaac",1766-1848.,1811.0,1811.0,s,1811,    ,"London;Printed for John Murray and W. Blackwood, Edinburgh;1811.",1811,,,England|Jesuits,,,16921143.0,enk,6672586,2,1.5,1.5,v.2,2.0,"Despotism: or, The fall of the Jesuits. | A political romance, illustrated by historical anecdotes. | $n: 1",,True,"Despotism: or, The fall of the Jesuits. A political romance, illustrated by historical anecdotes. $n: 1",0.5878657899749313,0.1435105425963891,Isaac,m,6.191235059760956,5.461437120045715,19.182879377431902,20.810913109963817,144.44357976653697,1586.8538206483067,2.7,['fiction'],['unknown'],"despotism: or, the fall of the jesuits. | a political romance, illustrated by historical anecdotes. | $n: 1  despotism: or, the fall of the jesuits. a political romance, illustrated by historical anecdotes. $n: 1",False,False,False,False,False,True
njp.32101068162807,"Agg, John","Agg, John",1783-1855.,1813.0,1813.0,s,1813,    ,London;Jones;1813.,1813,,,,,,20609289.0,enk,8968179,1,1.0,1.0,v.1,1.0,"The secret memoirs of an illustrious princess; | or, The royal sufferer. Interspersed with singular anecdotes of those personages connected with the court of Alb...",,True,"The secret memoirs of an illustrious princess; or, The royal sufferer. Interspersed with singular anecdotes of those personages connected with the court of Alb",0.143816987151246,0.0082779959247685,John,m,6.013274336283186,6.924602553058188,22.2114537444934,24.36057365755206,161.05726872246697,1197.507733509286,2.3,['unknown'],['unknown'],"the secret memoirs of an illustrious princess; | or, the royal sufferer. interspersed with singular anecdotes of those personages connected with the court of alb...  the secret memoirs of an illustrious princess; or, the royal sufferer. interspersed with singular anecdotes of those personages connected with the court of alb",False,False,False,False,False,True
nyp.33433075892822,"Corry, John","Corry, John",approximately 1770-,1815.0,1815.0,s,1815,    ,London;Sold by J. Ferguson;1815.,1815,"The 6th ed., enlarged.",,Social life and customs,London (England),,11857298.0,enk,8687459,1,1.0,1.0,,,A satirical view of London: | comprising free strictures on the manners and amusements of the inhabitants of the English metropolis; observations on literature and the fine arts; and amusing anecdotes of public characters ...,,True,A satirical view of London: comprising free strictures on the manners and amusements of the inhabitants of the English metropolis; observations on literature and the fine arts; and amusing anecdotes of public characters,0.6199600077988396,0.7573877151137369,John,m,9.261290322580646,7.496243496357961,30.00638977635783,19.28430421868142,259.0287539936102,2228.168502281333,1.6,['fiction'],['unknown'],a satirical view of london: | comprising free strictures on the manners and amusements of the inhabitants of the english metropolis; observations on literature and the fine arts; and amusing anecdotes of public characters ...  a satirical view of london: comprising free strictures on the manners and amusements of the inhabitants of the english metropolis; observations on literature and the fine arts; and amusing anecdotes of public characters,False,False,False,False,False,True
njp.32101067408169,"Mrs. Delany, (Mary)","Delany, (Mary), Mrs",1700-1788.,1820.0,1788.0,s,1820,    ,"London;Printed for Longman, Hurst, Rees, Orme and Brown;1820.",1820,2d ed.,,Court and courtiers,Great Britain,,6295785.0,enk,8957601,1,1.0,1.0,,,"Letters from Mrs. Delany, widow of Doctor Patrick Delany, to Mrs. Frances Hamilton, from the year 1779 to the year 1788 : | comprising many unpublished and interesting anecdotes of their late Majesties and the royal family.",,False,"Letters from Mrs. Delany, widow of Doctor Patrick Delany, to Mrs. Frances Hamilton, from the year 1779 to the year 1788 : comprising many unpublished and interesting anecdotes of their late Majesties and the royal family",0.987461522606705,0.8121948558940585,Mary,f,7.046511627906977,5.346673877771768,21.63846153846153,33.030828402366865,189.15384615384616,3608.530177514793,1.8,['unknown'],['unknown'],"letters from mrs. delany, widow of doctor patrick delany, to mrs. frances hamilton, from the year 1779 to the year 1788 : | comprising many unpublished and interesting anecdotes of their late majesties and the royal family.  letters from mrs. delany, widow of doctor patrick delany, to mrs. frances hamilton, from the year 1779 to the year 1788 : comprising many unpublished and interesting anecdotes of their late majesties and the royal family",False,False,False,False,False,True
uiuo.ark+=13960=t6057tw2c,,,,1824.0,1824.0,s,1824,    ,"London;Sherwood, Jones;1824.",1824,,,,,,13229939.0,enk,8718574,1,1.0,1.0,v.1,1.0,"Caprice; or, Anecdotes of the Listowel family",,True,"Caprice; or, Anecdotes of the Listowel family",0.0072398231497439,0.0119903137839165,,unknown,8.437931034482759,12.466837098692034,26.688356164383563,21.666576749859267,176.4554794520548,1443.5356891536874,2.5,['fiction'],['unknown'],"caprice; or, anecdotes of the listowel family  caprice; or, anecdotes of the listowel family",False,False,False,False,False,True
nyp.33433082380837,"Piozzi, Hester Lynch","Piozzi, Hester Lynch",1741-1821.,1826.0,1821.0,s,1826,    ,London;T. and J. Allman;1826.,1826,A new ed.,,,,PR3533.P4,9253617.0,enk,8639351,1,1.0,1.0,,,"Anecdotes of Samuel Johnson, LL.D. during the last twenty years of his life. | $c: By Hester Lynch Piozzi.",,True,"Anecdotes of Samuel Johnson, LL.D. during the last twenty years of his life",0.6279792147306446,0.2055998063557188,Hester,f,6.1387755102040815,4.78890462307372,25.225806451612904,17.666753381893862,231.8629032258065,1828.634430280957,1.4,['unknown'],['english literature'],"anecdotes of samuel johnson, ll.d. during the last twenty years of his life. | $c: by hester lynch piozzi.  anecdotes of samuel johnson, ll.d. during the last twenty years of his life",False,False,False,False,False,True
uc1.b3324270,Mr. Deale,Mr. Deale,,1828.0,1828.0,s,1828,    ,"London;C. Chapple, Royal Library;1828.",1828,,,,,,20312659.0,enk,6130870,1,1.0,1.0,v. 1,1.0,"Life in the West; | or, The curtain drawn, a novel. | $c: Dedicated, by permission, to the Right Hon. Robert Peel. Containing sketches, scenes, conversations, and anecdotes of the last importance to families, and men of rank, fashion, and fortune. Founded on facts, by a Flat Enlightened.",,True,"Life in the West; or, The curtain drawn, a novel",0.7106808881614979,0.1455974642801723,Mr,unknown,9.173501577287066,39.0519161301237,22.478125,14.012021484375,198.671875,2647.457958984375,2.0,['fiction'],['unknown'],"life in the west; | or, the curtain drawn, a novel. | $c: dedicated, by permission, to the right hon. robert peel. containing sketches, scenes, conversations, and anecdotes of the last importance to families, and men of rank, fashion, and fortune. founded on facts, by a flat enlightened.  life in the west; or, the curtain drawn, a novel",False,False,True,False,False,True
hvd.hn5cdm,,,,1831.0,1831.0,s,1831,    ,London;J. Harris;1831.,1831,,,,,,84420122.0,enk,9723980,1,1.0,1.0,,,"Councels at home, interspersed with entertaining tales and interesting anecdotes. | $c: By a father.",,True,"Councels at home, interspersed with entertaining tales and interesting anecdotes",0.5111782371673635,0.1102425734476313,,unknown,9.052884615384617,9.97316475591716,25.225352112676056,20.906962904185683,226.9483568075117,2733.889351760012,1.7,['unknown'],['unknown'],"councels at home, interspersed with entertaining tales and interesting anecdotes. | $c: by a father.  councels at home, interspersed with entertaining tales and interesting anecdotes",False,True,False,False,False,True
nnc1.cu56764111,"Beckford, William","Beckford, William",1760-1844.,1834.0,1834.0,s,1834,    ,London;J. Robson;1834.,1834,New ed.,Humor,Painters|Anecdotes|Art,,,49246497.0,enk,8433451,1,3.0,3.0,,,Biographical memoirs of extraordinary painters: | exhibiting not only sketches of their principal works and professional characters; but a variety of romantic adventures and original anecdotes ...,,True,Biographical memoirs of extraordinary painters: exhibiting not only sketches of their principal works and professional characters; but a variety of romantic adventures and original anecdotes,0.7381139562979956,0.8166331714050591,William,m,5.490322580645161,3.591841831425598,19.57861635220126,17.19979431193386,142.39622641509433,1174.2266524267236,1.5,['fiction'],['unknown'],biographical memoirs of extraordinary painters: | exhibiting not only sketches of their principal works and professional characters; but a variety of romantic adventures and original anecdotes ...  biographical memoirs of extraordinary painters: exhibiting not only sketches of their principal works and professional characters; but a variety of romantic adventures and original anecdotes,False,False,True,False,False,True
nyp.33433081599056,"Knight, Thomas","Knight, Thomas",,1834.0,1834.0,s,1834,    ,London;E. Wilson;1834.,1834,,,"History, Military|19th century",Great Britain,,26044202.0,enk,8644490,1,1.0,1.0,,,"The British Battalion at Oporto; | with adventures, anecdotes, and exploits in Holland, at Waterloo, and in the expedition to Portugal, | $c: by Corporal Knight.",,True,"The British Battalion at Oporto; with adventures, anecdotes, and exploits in Holland, at Waterloo, and in the expedition to Portugal",0.9372719898736211,0.5140937050390754,Thomas,m,7.222222222222222,8.839506172839508,21.84285714285714,29.88959183673469,209.7428571428572,3868.0195918367344,1.6,['unknown'],['unknown'],"the british battalion at oporto; | with adventures, anecdotes, and exploits in holland, at waterloo, and in the expedition to portugal, | $c: by corporal knight.  the british battalion at oporto; with adventures, anecdotes, and exploits in holland, at waterloo, and in the expedition to portugal",False,False,False,False,False,True
hvd.hwcl76,"Angelo, Henry","Angelo, Henry",1756-1835.,1834.0,1834.0,s,1834,    ,London;J. Ebers;1834.,1834,,,Table-talk,,PN6251.A5,1243906.0,enk,9717467,2,2.0,2.0,,,"Angelo's pic nic, or, Table talk : | including numerous recollections of public characters, who have figured in some part or another of the stage of life for the last fifty years : forming an endless variety of talent, amusement, and interest, calculated to please every person fond of biographical sketches and anecdotes / | $c: written by himself ; in addition to which are several original literary contributions from the following distinguished authors: Colman ... [et al.]",,True,"Angelo's pic nic, or, Table talk : including numerous recollections of public characters, who have figured in some part or another of the stage of life for the last fifty years : forming an endless variety of talent, amusement, and interest, calculated to please every person fond of biographical sketches and anecdotes",0.600536256947922,0.1444806612643091,Henry,m,8.521091811414392,15.113078708692251,23.926470588235293,9.587730680507496,229.8063725490196,1634.9208417435602,8.0,['unknown'],['literature (general)'],"angelo's pic nic, or, table talk : | including numerous recollections of public characters, who have figured in some part or another of the stage of life for the last fifty years : forming an endless variety of talent, amusement, and interest, calculated to please every person fond of biographical sketches and anecdotes / | $c: written by himself ; in addition to which are several original literary contributions from the following distinguished authors: colman ... [et al.]  angelo's pic nic, or, table talk : including numerous recollections of public characters, who have figured in some part or another of the stage of life for the last fifty years : forming an endless variety of talent, amusement, and interest, calculated to please every person fond of biographical sketches and anecdotes",False,False,True,False,False,True
nyp.33433074890108,,,,1835.0,1835.0,s,1835,    ,London;Printed for Charles Harper & John Williams;1835.,1835,Third edition.,Romans á clef,"1775-1834|Lamb, Charles|1774-1843|Scott, Walter|1788-1824|1771-1832|Byron, George Gordon Byron|Baron|Southey, Robert",,,30046593.0,enk,8618417,1,1.0,1.0,v. 1-3,1.0,"Memoirs and adventures of a man of fashion : | written by himself, including anecdotes of many celebrated persons with whom he had intercourse and connexion ... in three volumes.",,True,"Memoirs and adventures of a man of fashion : written by himself, including anecdotes of many celebrated persons with whom he had intercourse and connexion ... in three volumes",0.1993454546986875,0.0009966933750857,,unknown,5.1197080291970805,8.890779476796846,17.8546511627907,5.627129529475392,137.0639534883721,521.2982355327204,1.9,['urn:uuid:7b464407-49c5-4c6e-a5be-63952adfc609'],['unknown'],"memoirs and adventures of a man of fashion : | written by himself, including anecdotes of many celebrated persons with whom he had intercourse and connexion ... in three volumes.  memoirs and adventures of a man of fashion : written by himself, including anecdotes of many celebrated persons with whom he had intercourse and connexion ... in three volumes",False,False,False,False,False,True
hvd.32044010406171,"Hill, Benson E. (Benson Earle)","Hill, Benson E. (Benson Earle)",1795-1845.,1840.0,1840.0,s,1840,    ,"London;author, sold by W. Sams;1840.",1840,,,Theater|Actors|Humor|Biography,,PN2594.H5,2885442.0,enk,1692585,1,1.0,1.0,vol.1,1.0,"Playing about; | or Theatrical anecdotes and adventures, with scenes of general nature, from the life; in England, Scotland, and Ireland, | $c: by Benson Earle Hill.",,True,"Playing about; or Theatrical anecdotes and adventures, with scenes of general nature, from the life; in England, Scotland, and Ireland",0.0973775312525574,0.2290230849552086,Benson,unknown,12.64353312302839,16.20416164953378,27.33644859813084,21.917954988790868,258.5700934579439,2967.995865723353,2.1,['unknown'],['literature (general)'],"playing about; | or theatrical anecdotes and adventures, with scenes of general nature, from the life; in england, scotland, and ireland, | $c: by benson earle hill.  playing about; or theatrical anecdotes and adventures, with scenes of general nature, from the life; in england, scotland, and ireland",False,False,False,False,False,True
wu.89101410165,,,,1840.0,1840.0,s,1840,    ,"London;Scott, Webster, and Geary;1840.",1840,,,Anecdotes|English wit and humor,,,42651530.0,enk,9392190,1,1.0,1.0,,,"Joe Miller's complete jest book: | being a collection of the most excellent bon mots, brilliant jests, and striking anecdotes in the English language.",,True,"Joe Miller's complete jest book: being a collection of the most excellent bon mots, brilliant jests, and striking anecdotes in the English language",0.758999519105657,0.5962172748836312,,unknown,14.58627450980392,15.50922337562476,37.69126213592233,22.737690640022635,404.4970873786408,4218.960671128288,1.4,['unknown'],['unknown'],"joe miller's complete jest book: | being a collection of the most excellent bon mots, brilliant jests, and striking anecdotes in the english language.  joe miller's complete jest book: being a collection of the most excellent bon mots, brilliant jests, and striking anecdotes in the english language",False,False,False,False,False,True
nyp.33433067343743,"Jesse, Edward","Jesse, Edward",1780-1868.,1858.0,1858.0,s,1858,    ,London;H. G. Bohn;1858.,1858,,,Legends and stories|Dogs,,,4392029.0,enk,8591494,1,1.0,1.0,,,Anecdotes of dogs / | $c: by Edward Jesse.,,True,Anecdotes of dogs,0.9263560501357898,0.9972086381196936,Edward,m,9.81113320079523,65.92257982917604,28.102564102564106,68.85338593030899,287.8323471400395,5111.098125260164,1.9,['unknown'],['unknown'],anecdotes of dogs / | $c: by edward jesse.  anecdotes of dogs,False,False,False,False,False,True
nyp.33433082531348,"Davenport, Emma","Davenport, Emma",,1862.0,1862.0,s,1862,    ,London;Griffith and Farran;1862.,1862,,,Anecdotes|Animals,,,37032483.0,enk,8661645,1,1.0,1.0,,,"Live toys; or, Anecdotes of our four-legged and other pets, | $c: by Emma Davenport ... With illustrations by Harrison Weir.",,True,"Live toys; or, Anecdotes of our four-legged and other pets",0.4365835688897096,0.9925826619273452,Emma,f,20.5072463768116,474.5687880697332,27.53020134228188,85.5645241205351,306.9463087248322,13743.554164226836,2.6,['unknown'],['unknown'],"live toys; or, anecdotes of our four-legged and other pets, | $c: by emma davenport ... with illustrations by harrison weir.  live toys; or, anecdotes of our four-legged and other pets",False,False,False,False,False,True
nyp.33433081848958,"Berkeley, Grantley F. (Grantley Fitzhardinge)","Berkeley, Grantley F. (Grantley Fitzhardinge)",1800-1881.,1867.0,1867.0,s,1867,    ,London;R. Bentley;1867.,1867,2nd ed.,,Great Britain|Nobility|Legends|Barclay family,,DA110.B52,2370544.0,enk,8589994,1,1.0,1.0,v. 1,1.0,Anecdotes of the upper ten thousand: | their legends and their lives. | $c: By the Hon. Grantley F. Berkeley.,,True,Anecdotes of the upper ten thousand: their legends and their lives,0.2746975300499291,0.2180771981232644,Grantley,unknown,8.257756563245824,12.17699830828031,27.045023696682463,23.34631409896453,255.21563981042647,2814.1596606096,2.6,['unknown'],['great britain'],anecdotes of the upper ten thousand: | their legends and their lives. | $c: by the hon. grantley f. berkeley.  anecdotes of the upper ten thousand: their legends and their lives,False,False,False,False,False,True
nnc1.cu56443846,"Moore, George Washington","Moore, George Washington",b. 1828.,1870.0,1870.0,s,1870,    ,London;C.H. Clarke;1870,1870,,,Minstrel shows,,,23223381.0,enk,8431598,1,1.0,1.0,,,"Bones: his anecdotes and goaks | $c: [by] G.W. Moore, the original Christy minstrel.",,True,Bones: his anecdotes and goaks,1.0,0.0,George,m,18.32,114.27093333333332,29.85625,125.6480859375,321.6125,12585.61234375,1.6,['unknown'],['unknown'],"bones: his anecdotes and goaks | $c: [by] g.w. moore, the original christy minstrel.  bones: his anecdotes and goaks",False,False,False,False,False,True
nyp.33433006524411,"Kirton, John William","Kirton, John William",1831-1892.,1871.0,1871.0,s,1871,    ,London;Smart & Allen;1871.,1871,,,Temperance|Anecdotes,,,38739799.0,enk,8597196,1,2.0,2.0,,,"One thousand temperance anecdotes, | facts, jokes, riddles, puns, and smart sayings, suitable for speakers, penny readings, recitations ...",,True,"One thousand temperance anecdotes, facts, jokes, riddles, puns, and smart sayings, suitable for speakers, penny readings, recitations",0.747241350197433,0.1944502845987469,John,m,24.57996146435453,55.78117841855354,46.10384615384616,103.28152366863904,521.675,6503.384759615384,4.0,['unknown'],['unknown'],"one thousand temperance anecdotes, | facts, jokes, riddles, puns, and smart sayings, suitable for speakers, penny readings, recitations ...  one thousand temperance anecdotes, facts, jokes, riddles, puns, and smart sayings, suitable for speakers, penny readings, recitations",False,False,False,False,False,True
nnc1.cr60115440,"Itlīdī, Muḥammad Diyāb","Itlīdī, Muḥammad Diyāb",17th cent.,1873.0,1873.0,s,1873,    ,London;Henry S. King;1873.,1873,,,Folklore|Arabs,,,2286700.0,enk,8416137,1,1.0,1.0,,,I'lâmên-nâs : | historical tales and anecdotes of the time of the early Khalifahs. Translated from the Arabic and annotated by Mrs. Godfrey Clerk.,,True,I'lâmên-nâs : historical tales and anecdotes of the time of the early Khalifahs. Translated from the Arabic and annotated by Mrs. Godfrey Clerk,0.7789972417805978,0.0679232505816087,Muammad,unknown,12.664495114006517,23.67571008710968,23.922829581993568,85.22234054652041,251.22829581993568,5481.378749185803,2.2,['unknown'],['unknown'],i'lâmên-nâs : | historical tales and anecdotes of the time of the early khalifahs. translated from the arabic and annotated by mrs. godfrey clerk.  i'lâmên-nâs : historical tales and anecdotes of the time of the early khalifahs. translated from the arabic and annotated by mrs. godfrey clerk,False,True,False,False,False,True
coo.31924013538545,"Raymond, R. J. (Richard John)","Raymond, R. J. (Richard John)",,1876.0,1826.0,r,1876,1826,London;Raymond;1876.,1876,,,,,,41527214.0,enk,11250476,1,1.0,1.0,,,"Richelieu, or The broken heart; | an historical tale. | $c: To which is added ""Sketches from the footlights"", being brief memoirs and amusing anecdotes of celebrated actors and actresses. Edited by R.G.[!] Raymond.",,False,"Richelieu, or The broken heart; an historical tale",0.2799689991719904,0.0345722359893363,Richard,m,14.60126582278481,73.29037814452813,28.98773006134969,62.92009484737852,310.65644171779144,8654.078286725131,2.4,['unknown'],['unknown'],"richelieu, or the broken heart; | an historical tale. | $c: to which is added ""sketches from the footlights"", being brief memoirs and amusing anecdotes of celebrated actors and actresses. edited by r.g.[!] raymond.  richelieu, or the broken heart; an historical tale",False,False,True,False,False,True
nyp.33433006250892,"Kirton, John William","Kirton, John William",1831-1892.,1877.0,1877.0,s,1877,    ,London;Smart & Allen;1877.,1877,,,,,,38739834.0,enk,8597200,1,1.0,1.0,,,"A second thousand of temperance anecdotes, | jokes, riddles, puns, and smart sayings, suitable for speakers, penny readings, and recitations ...",,True,"A second thousand of temperance anecdotes, jokes, riddles, puns, and smart sayings, suitable for speakers, penny readings, and recitations",0.4757177931494981,0.0915218700579152,John,m,27.435153583617748,52.13657992521754,48.22071307300509,79.21783921988002,569.9677419354839,6390.8393668875615,4.3,['unknown'],['unknown'],"a second thousand of temperance anecdotes, | jokes, riddles, puns, and smart sayings, suitable for speakers, penny readings, and recitations ...  a second thousand of temperance anecdotes, jokes, riddles, puns, and smart sayings, suitable for speakers, penny readings, and recitations",False,False,False,False,False,True
nyp.33433008143004,"Reade, Alfred Arthur","Reade, Alfred Arthur",,1884.0,1884.0,s,1884,    ,London;National Temperance Publishing Depot;1884.,1884,,,,,,38759257.0,enk,8597624,1,1.0,1.0,,,Short anecdotes on temperance.,,True,Short anecdotes on temperance,0.5693732166484311,0.0419549005380358,Alfred,m,25.913978494623656,1207.5409873973874,34.16161616161616,113.06478930721352,391.6161616161616,19352.45872870116,2.0,['unknown'],['unknown'],short anecdotes on temperance.  short anecdotes on temperance,False,False,False,False,False,True
njp.32101064794041,"Stanley, Robert","Stanley, Robert",,1903.0,1903.0,s,1903,    ,London;Low;1903,1903,,,,,,41402143.0,enk,8921795,1,1.0,1.0,,,Angling anecdotes ...,,True,Angling anecdotes,0.1052755622594058,0.1274730447526652,Robert,m,11.942307692307692,38.58000493096648,29.640243902439025,128.63277067221892,309.8231707317073,19906.87726799524,2.5,['unknown'],['unknown'],angling anecdotes ...  angling anecdotes,False,False,False,False,False,True
nyp.33433071388346,"Mackintosh, W. R","Mackintosh, William R",,1905.0,1905.0,s,1905,    ,Kirkwall;W.R. Mackintosh;pref. 1905,1905,2. ed.,,Scotland|Folklore|Orkney Islands,Orkney (Scotland),,35320633.0,stk,8687671,1,2.0,2.0,,,"Around the Orkney peat-fires: | being sketches of notable Orcadians, smuggling anecdotes, stories of the press-gang, and witch and other tales.",,True,"Around the Orkney peat-fires: being sketches of notable Orcadians, smuggling anecdotes, stories of the press-gang, and witch and other tales",0.6580959888089308,0.0089725761819986,William,m,10.595441595441596,7.864822525791187,27.771587743732592,30.309944832830283,253.52924791086352,3421.742180771409,1.6,['unknown'],['unknown'],"around the orkney peat-fires: | being sketches of notable orcadians, smuggling anecdotes, stories of the press-gang, and witch and other tales.  around the orkney peat-fires: being sketches of notable orcadians, smuggling anecdotes, stories of the press-gang, and witch and other tales",True,True,True,False,False,True
wu.89096232657,"Le Fanu, William Richard","Le Fanu, William Richard",b. 1816.,1907.0,1907.0,s,1907,    ,London;E. Arnold;1907.,1907,,,Ireland|Social conditions|Social Conditions,,,36958004.0,enk,7081296,1,2.0,2.0,,,"Seventy years of Irish life, being anecdotes and reminiscences, | $c: by W. R. Le Fanu.",,True,"Seventy years of Irish life, being anecdotes and reminiscences",0.8281295403562537,0.5074766257604912,William,m,11.781710914454278,25.53347081908441,27.119883040935672,17.87744092199309,282.6608187134503,3045.4346636571936,3.0,['unknown'],['unknown'],"seventy years of irish life, being anecdotes and reminiscences, | $c: by w. r. le fanu.  seventy years of irish life, being anecdotes and reminiscences",False,False,False,False,False,True
uc2.ark+=13960=t9959dv5s,"Wilson, David","Wilson, David",,1910.0,1910.0,s,1910,    ,"London;Methuen & Co., Ltd.;1910",1910,,,Folklore|Animals,,,17683213.0,enk,9261759,1,1.0,1.0,,,Anecdotes of big cats and other beasts,,True,Anecdotes of big cats and other beasts,0.1032633913367951,0.9299282462322056,David,m,24.309248554913296,2667.814769955561,39.46551724137931,1090.2143281807373,276.2155172413793,22896.62309254855,4.8,['unknown'],['unknown'],anecdotes of big cats and other beasts  anecdotes of big cats and other beasts,False,False,False,False,False,True
