docid,oldauthor,author,authordate,inferreddate,latestcomp,datetype,startdate,enddate,imprint,imprintdate,contents,genres,subjects,geographics,locnum,oclc,place,recordid,instances,allcopiesofwork,copiesin25yrs,enumcron,volnum,title,parttitle,earlyedition,shorttitle,nonficprob,juvenileprob,first_name,estimated_gender,avg_sentence_count,var_sentence_count,avg_line_count,var_line_count,avg_tokens_per_page,var_tokens_per_page,cap_alpha_freq,genre_tag,lcc_category,full_title,stories_match,tales_match,sketches_match,narratives_match,fables_match,anecdotes_match,legends_match
uc2.ark+=13960=t8df6pq05,,,,1802.0,1802.0,s,1802,    ,London;J. Badcock;1802.,1802,,,,,,6460800.0,enk,1880552,2,2.0,2.0,,,Welsh legends,,True,Welsh legends,0.3199039988578994,0.0799452493592389,,unknown,8.369565217391305,11.928638941398868,29.632508833922262,36.64940253967461,188.4664310954064,2013.407883729351,1.8,['unknown'],['unknown'],welsh legends  welsh legends,False,False,False,False,False,False,True
nyp.33433061821587,"Croker, Thomas Crofton","Croker, Thomas Crofton",1798-1854.,1825.0,1825.0,m,1825,1828,London;J. Murray;1825-28.,1825-1828,pt. I. The shefro. The cluricaune. The banshee. The phooka. Thierna na oge.--pt. II. The merrow. The dullahan. The firdarrig. Treasure legends. Rocks and stones.--pt. III. The elves in Ireland. The elves in Scotland. On the nature of the elves. The Mabinogion and fairy legends of Wales.,,Scotland|Ireland|Legends|Folklore|Mabinogion,,PZ3.C8755Fa,1922658.0,enk,8622411,1,1.0,1.0,v. 1,1.0,Fairy legends and traditions of the South of Ireland.,The shefro. The cluricaune. The banshee. The phooka. Thierna na oge.--pt,True,The shefro. The cluricaune. The banshee. The phooka. Thierna na oge.--pt,0.0,0.0,Thomas,m,7.47457627118644,13.108110696160107,25.0,51.56830601092896,224.3606557377049,4905.033861865089,1.9,['fiction'],['fiction and juvenile belles lettres'],fairy legends and traditions of the south of ireland. the shefro. the cluricaune. the banshee. the phooka. thierna na oge.--pt the shefro. the cluricaune. the banshee. the phooka. thierna na oge.--pt,False,False,False,False,False,False,True
nyp.33433061821595,"Croker, Thomas Crofton","Croker, Thomas Crofton",1798-1854.,1825.0,1825.0,m,1825,1828,London;J. Murray;1825-28.,1825-1828,pt. I. The shefro. The cluricaune. The banshee. The phooka. Thierna na oge.--pt. II. The merrow. The dullahan. The firdarrig. Treasure legends. Rocks and stones.--pt. III. The elves in Ireland. The elves in Scotland. On the nature of the elves. The Mabinogion and fairy legends of Wales.,,Scotland|Ireland|Legends|Folklore|Mabinogion,,PZ3.C8755Fa,1922658.0,enk,8622411,1,1.0,1.0,v. 2,2.0,Fairy legends and traditions of the South of Ireland.,The merrow. The dullahan. The firdarrig. Treasure legends. Rocks and stones.--pt,True,The merrow. The dullahan. The firdarrig. Treasure legends. Rocks and stones.--pt,0.389987634870296,0.0650072516780847,Thomas,m,8.469026548672566,8.703317931448561,25.76056338028169,50.6722475699266,250.2450704225352,6757.1596587978565,1.2,['fiction'],['fiction and juvenile belles lettres'],fairy legends and traditions of the south of ireland. the merrow. the dullahan. the firdarrig. treasure legends. rocks and stones.--pt the merrow. the dullahan. the firdarrig. treasure legends. rocks and stones.--pt,False,False,False,False,False,False,True
nyp.33433061821603,"Croker, Thomas Crofton","Croker, Thomas Crofton",1798-1854.,1825.0,1825.0,m,1825,1828,London;J. Murray;1825-28.,1825-1828,pt. I. The shefro. The cluricaune. The banshee. The phooka. Thierna na oge.--pt. II. The merrow. The dullahan. The firdarrig. Treasure legends. Rocks and stones.--pt. III. The elves in Ireland. The elves in Scotland. On the nature of the elves. The Mabinogion and fairy legends of Wales.,,Scotland|Ireland|Legends|Folklore|Mabinogion,,PZ3.C8755Fa,1922658.0,enk,8622411,1,1.0,1.0,v. 3,3.0,Fairy legends and traditions of the South of Ireland.,The elves in Ireland. The elves in Scotland. On the nature of the elves. The Mabinogion and fairy legends of Wales,True,The elves in Ireland. The elves in Scotland. On the nature of the elves. The Mabinogion and fairy legends of Wales,0.977837111635698,0.7866658107155965,Thomas,m,10.701538461538462,28.381689940828405,26.08630952380953,55.40028876133788,244.1696428571429,5861.05753082483,2.0,['fiction'],['fiction and juvenile belles lettres'],fairy legends and traditions of the south of ireland. the elves in ireland. the elves in scotland. on the nature of the elves. the mabinogion and fairy legends of wales the elves in ireland. the elves in scotland. on the nature of the elves. the mabinogion and fairy legends of wales,False,False,False,False,False,False,True
umn.31951002081141q,,,,1826.0,1826.0,s,1826,    ,"London;Sherwood, Gilbert, and Piper [etc., etc.;1826.",1826,,,Ghost stories,,,62602383.0,enk,8560131,1,1.0,1.0,,,"Legends of terror! : | and tales of the wonderful and the wild : original and select, in prose and verse ...",,True,"Legends of terror! : and tales of the wonderful and the wild : original and select, in prose and verse",0.2370906327378105,0.0445266864253471,,unknown,24.0375,66.68296874999999,95.26242236024844,539.7432463060838,739.416149068323,28181.28955287219,1.4,['unknown'],['unknown'],"legends of terror! : | and tales of the wonderful and the wild : original and select, in prose and verse ...  legends of terror! : and tales of the wonderful and the wild : original and select, in prose and verse",False,True,False,False,False,False,True
nyp.33433068187453,,,,1826.0,1826.0,s,1826,    ,"London;Sherwood, Gilbert, and Piper;1826.",1826,,,Tales,,,6192714.0,enk,8622384,1,1.0,1.0,,,"Legends of terror! : | and tales of the wonderful and wild ; original and select, in prose and verse / with historical illustrations, and elegant engravings on wood.",,True,"Legends of terror! : and tales of the wonderful and wild ; original and select, in prose and verse / with historical illustrations, and elegant engravings on wood",0.2065486629977958,0.050593083886505,,unknown,23.07389937106918,59.78541938610024,93.69517884914464,523.1388103490393,726.348367029549,28193.356089868405,1.3,['fiction'],['unknown'],"legends of terror! : | and tales of the wonderful and wild ; original and select, in prose and verse / with historical illustrations, and elegant engravings on wood.  legends of terror! : and tales of the wonderful and wild ; original and select, in prose and verse / with historical illustrations, and elegant engravings on wood",False,True,False,False,False,False,True
hvd.32044014453831,"Croker, Thomas Crofton","Croker, Thomas Crofton",1798-1854.,1826.0,1826.0,m,1826,1828,London;J. Murray;1826-,1826,2d ed.|pt. I. The shefro. The cluricaune. The banshee. The phooka. Thierna na oge.--pt. II. The merrow. The dullahan. The firdarrig. Treasure legends. Rocks and stones.--pt. III. The elves in Ireland. The elves in Scotland. On the nature of the elves. The Mabinogion and fairy legends of Wales.,,Scotland|Ireland|Legends|Folklore|Mabinogion,,,10045264.0,enk,9718643,1,5.5,4.5,v.1,1.0,Fairy legends and traditions of the South of Ireland.,,True,Fairy legends and traditions of the South of Ireland,0.5762701338880319,0.4390908762216538,Thomas,m,7.902439024390244,10.04535990481856,26.546268656716418,33.149351748719084,262.7313432835821,5094.924838494097,3.2,['unknown'],['unknown'],fairy legends and traditions of the south of ireland.  fairy legends and traditions of the south of ireland,False,False,False,False,False,False,True
njp.32101066458132,"Corbett, M","Corbett, M",,1828.0,1828.0,s,1828,    ,Edinburgh;Printed for Cadell and Co.;1828.,1828,,,,,,38701708.0,stk,8928078,1,2.0,2.0,v.1,1.0,"Tales and legends / | $c: by the authors of ""The odd volume,"" &c.",,True,Tales and legends,0.0167829030266334,0.0349405397685741,M,unknown,9.33048433048433,10.152888369412585,24.527932960893853,26.26597952623201,235.7513966480447,3396.4381963733963,1.5,['unknown'],['unknown'],"tales and legends / | $c: by the authors of ""the odd volume,"" &c.  tales and legends",False,True,False,False,False,False,True
hvd.32044014345045,,,,1828.0,1828.0,s,1828,    ,London;John Murray;1828.,1828,,,Folklore|Ireland|Legends,,,22918493.0,enk,9718711,1,1.0,1.0,v.1-3 (1828),1.0,Fairy legends and traditions of the south of Ireland.,,True,Fairy legends and traditions of the south of Ireland,0.7682418165902655,0.6206062074543829,,unknown,9.745454545454546,18.8897520661157,25.8044776119403,30.990129204722663,252.66268656716417,4418.035473379372,2.2,['unknown'],['unknown'],fairy legends and traditions of the south of ireland.  fairy legends and traditions of the south of ireland,False,False,False,False,False,False,True
hvd.hxcp8q,"Croker, Thomas Crofton","Croker, Thomas Crofton","1798-1854,",1831.0,1831.0,s,1831,    ,"London;Fisher, son, & Jackson;1831.",1831,,,Ireland|Legends,"Killarney, Lakes of",PZ3.C8755Ki,4788371.0,enk,9718587,1,1.0,1.0,,,"Killarney legends : | arranged as a guide to the lakes / | $c: Ed. by T. Crofton Croker, esq.",,True,Killarney legends : arranged as a guide to the lakes,1.0,0.0,Thomas,m,9.367924528301886,26.458971164115347,33.64133738601824,146.0111787585111,324.2917933130699,11138.547075507431,2.7,['unknown'],['fiction and juvenile belles lettres'],"killarney legends : | arranged as a guide to the lakes / | $c: ed. by t. crofton croker, esq.  killarney legends : arranged as a guide to the lakes",False,False,False,False,False,False,True
inu.39000005802959,"Grattan, Thomas Colley","Grattan, Thomas Colley",1792-1864.,1832.0,1832.0,s,1832,    ,London;H. Colburn and R. Bentley;1832.,1832,v. 1. The forfeit hand.  The orphan of Cambray.  The curse of the Black Lady.--v. 2. The curse of the Black Lady. (cont.).  The three foretellings.  A year of joy.  The lady of the cold kisses.  The double doubt. --v. 3. The double doubt. (cont.).  The tragedy of the Truenfels.  The prisoner of the Pfalz.  Countess Kunigund.  Heidelberg Castle and its legends.  The legend of the wolf's brun.  The legend of Ruprecht's building.,,Rhine River Valley|Germany|Rhineland|Folklore|Belgium|Netherlands,,,4988157.0,enk,6810636,2,2.0,2.0,v.1,1.0,"Legends of the Rhine and of the Low Countries; | $c: by the author of ""Highways and by-ways"", etc.",The forfeit hand.  The orphan of Cambray.  The curse of the Black Lady,True,The forfeit hand.  The orphan of Cambray.  The curse of the Black Lady,0.0,0.0,Thomas,m,7.437299035369775,7.860216499002286,23.531446540880506,28.714419920098106,206.61006289308176,2563.263043392271,1.4,['unknown'],['unknown'],"legends of the rhine and of the low countries; | $c: by the author of ""highways and by-ways"", etc. the forfeit hand.  the orphan of cambray.  the curse of the black lady the forfeit hand.  the orphan of cambray.  the curse of the black lady",False,False,False,False,False,False,True
inu.39000005802967,"Grattan, Thomas Colley","Grattan, Thomas Colley",1792-1864.,1832.0,1832.0,s,1832,    ,London;H. Colburn and R. Bentley;1832.,1832,v. 1. The forfeit hand.  The orphan of Cambray.  The curse of the Black Lady.--v. 2. The curse of the Black Lady. (cont.).  The three foretellings.  A year of joy.  The lady of the cold kisses.  The double doubt. --v. 3. The double doubt. (cont.).  The tragedy of the Truenfels.  The prisoner of the Pfalz.  Countess Kunigund.  Heidelberg Castle and its legends.  The legend of the wolf's brun.  The legend of Ruprecht's building.,,Rhine River Valley|Germany|Rhineland|Folklore|Belgium|Netherlands,,,4988157.0,enk,6810636,2,2.0,2.0,v.2,2.0,"Legends of the Rhine and of the Low Countries; | $c: by the author of ""Highways and by-ways"", etc.",The curse of the Black Lady. (cont.).  The three foretellings.  A year of joy.  The lady of the cold kisses.  The double doubt,True,The curse of the Black Lady. (cont.).  The three foretellings.  A year of joy.  The lady of the cold kisses.  The double doubt,0.0594056257702656,0.0015094950475076,Thomas,m,8.990033222591363,11.950066776304896,23.449838187702262,22.338098679318403,207.4271844660194,2413.5974487070725,2.2,['unknown'],['unknown'],"legends of the rhine and of the low countries; | $c: by the author of ""highways and by-ways"", etc. the curse of the black lady. (cont.).  the three foretellings.  a year of joy.  the lady of the cold kisses.  the double doubt the curse of the black lady. (cont.).  the three foretellings.  a year of joy.  the lady of the cold kisses.  the double doubt",False,False,False,False,False,False,True
nyp.33433068186984,"Grattan, Thomas Colley","Grattan, Thomas Colley",1792-1864.,1832.0,1832.0,s,1832,    ,London;H. Colburn and R. Bentley;1832.,1832,v. 1. The forfeit hand.  The orphan of Cambray.  The curse of the Black Lady.--v. 2. The curse of the Black Lady. (cont.).  The three foretellings.  A year of joy.  The lady of the cold kisses.  The double doubt. --v. 3. The double doubt. (cont.).  The tragedy of the Truenfels.  The prisoner of the Pfalz.  Countess Kunigund.  Heidelberg Castle and its legends.  The legend of the wolf's brun.  The legend of Ruprecht's building.,,Rhine River Valley|Germany|Rhineland|Folklore|Belgium|Netherlands,,,4988157.0,enk,6810636,2,2.0,2.0,v. 3,3.0,"Legends of the Rhine and of the Low Countries; | $c: by the author of ""Highways and by-ways"", etc.",The double doubt. (cont.).  The tragedy of the Truenfels.  The prisoner of the Pfalz.  Countess Kunigund.  Heidelberg Castle and its legends.  The legend of the wolf's brun.  The legend of Ruprecht's building,True,The double doubt. (cont.).  The tragedy of the Truenfels.  The prisoner of the Pfalz.  Countess Kunigund.  Heidelberg Castle and its legends.  The legend of the wolf's brun.  The legend of Ruprecht's building,0.0367779211620989,0.0341567395835055,Thomas,m,8.053370786516854,6.089848188360055,23.710027100271,29.00263658463143,207.55013550135504,2686.567269629336,1.2,['unknown'],['unknown'],"legends of the rhine and of the low countries; | $c: by the author of ""highways and by-ways"", etc. the double doubt. (cont.).  the tragedy of the truenfels.  the prisoner of the pfalz.  countess kunigund.  heidelberg castle and its legends.  the legend of the wolf's brun.  the legend of ruprecht's building the double doubt. (cont.).  the tragedy of the truenfels.  the prisoner of the pfalz.  countess kunigund.  heidelberg castle and its legends.  the legend of the wolf's brun.  the legend of ruprecht's building",False,False,False,False,False,False,True
uc1.31822038204038,"Baron, Nugent, George Nugent Grenville","Baron, Nugent, George Nugent Grenville",1788-1850,1832.0,1832.0,s,1832,    ,"London;Longman, Rees, Orme, Brown, Green, & Longman;1832.",1832,,,,,PZ3.N893L,2574985.0,enk,8720966,2,2.0,2.0,v.1,1.0,"Legends of the library at Lilies, | $c: by the lord and lady there ..",,True,Legends of the library at Lilies,0.3310999434325447,0.0122406369396596,George,m,9.141689373297003,12.339597146017864,23.04485488126649,142.50194582326776,205.6094986807388,1846.596849089048,2.1,['unknown'],['fiction and juvenile belles lettres'],"legends of the library at lilies, | $c: by the lord and lady there ..  legends of the library at lilies",False,False,False,False,False,False,True
uiuo.ark+=13960=t64467t7c,"Nugent, George Nugent Grenville","Nugent, George Nugent Grenville",,1832.0,1832.0,s,1832,    ,"London;Longman, Rees, Orme, Brown, Green, & Longman;1832.",1832,,,,,PZ3.N893L,2574985.0,enk,8720966,1,1.0,1.0,v.2,2.0,Legends of the library at Lilies,,True,Legends of the library at Lilies,0.3460932095200068,0.0459747445551251,George,m,8.584745762711865,9.508354878866228,24.735955056179776,12.60443757101376,199.3258426966292,1326.000568110087,2.4,['unknown'],['fiction and juvenile belles lettres'],legends of the library at lilies  legends of the library at lilies,False,False,False,False,False,False,True
nyp.33433086945825,"Thoms, William John","Thoms, William John",1803-1885.,1834.0,1834.0,s,1834,    ,London;G. Cowie;1834.,1834,,,"Germany|Legends|Legends, French|Legends, Spanish",,,38128720.0,enk,8682663,1,1.0,1.0,v. 1,1.0,"Lays and legends of various nations: | illustrative of their traditions, popular literature, manners, customs, and superstitions. | $c: By William J. Thoms ...",,True,"Lays and legends of various nations: illustrative of their traditions, popular literature, manners, customs, and superstitions",0.4594263140467794,0.808076320963663,William,m,11.460207612456747,13.66018127177596,28.83221476510067,35.75037160488266,324.4261744966443,8509.80159677492,1.9,['unknown'],['unknown'],"lays and legends of various nations: | illustrative of their traditions, popular literature, manners, customs, and superstitions. | $c: by william j. thoms ...  lays and legends of various nations: illustrative of their traditions, popular literature, manners, customs, and superstitions",False,False,False,False,False,False,True
hvd.hxczmh,"Thoms, William John","Thoms, William John",1803-1885.,1834.0,1834.0,s,1834,    ,London;G. Cowie;1834.,1834,v.1. Lays and legends of Germany.-v.2. Lays and legends of France.-v.3. Lays and legends of Spain.-v.4. Lays and legends of Ireland.-v.5. lays and legends of Tartary.,,Folklore|Germany|Europe|Legends,,,5421274.0,enk,9721748,1,2.0,2.0,v.1,1.0,"Lays and legends of various nations: | illustrative of their traditions, popular literature, manners, customs, and superstitions. | $c: By William J. Thoms.",Lays and legends of Germany,True,Lays and legends of Germany,0.4546432143386062,0.8414431839640817,William,m,12.042402826855124,15.199615427836536,28.72508591065292,34.020642174749945,328.680412371134,7641.3377262904305,3.2,['unknown'],['unknown'],"lays and legends of various nations: | illustrative of their traditions, popular literature, manners, customs, and superstitions. | $c: by william j. thoms. lays and legends of germany lays and legends of germany",False,False,False,False,False,False,True
mdp.39015016735337,,,,1837.0,1837.0,s,1837,    ,London;O. Hodgson;1837.,1837,,,,,,65689479.0,enk,1901271,1,1.0,1.0,,,"The Library of romance; | a collection of traditions, poetical legends, and short standard tales and romances, of all nations.",,True,"The Library of romance; a collection of traditions, poetical legends, and short standard tales and romances, of all nations",0.1818833736794904,0.0257375396258766,,unknown,14.133182844243793,42.22831199139869,33.27865168539326,12.00325211463199,367.9438202247191,3362.3092033834114,2.6,['unknown'],['unknown'],"the library of romance; | a collection of traditions, poetical legends, and short standard tales and romances, of all nations.  the library of romance; a collection of traditions, poetical legends, and short standard tales and romances, of all nations",False,True,False,False,False,False,True
nyp.33433074923164,"Sir, Lauder, Thomas Dick","Lauder, Thomas Dick, Sir",1784-1848.,1837.0,1837.0,s,1837,    ,Edinburgh;A. and C. Black;1837.,1837,,,Scotland|Edinburgh|Old Book List|Legends|1837,,PZ3.L3654H,2536304.0,stk,8668406,1,1.0,1.0,v. 1,1.0,"Highland rambles, | and long legends to shorten the way. | $c: By Sir Thomas Dick Lauder, Bart. ...",,True,"Highland rambles, and long legends to shorten the way",0.1115258904267436,0.0946515772942477,Thomas,m,7.62533692722372,9.17768688108921,23.97375328083989,26.00456045356535,225.31496062992127,2830.3154979643296,1.3,['fiction'],['fiction and juvenile belles lettres'],"highland rambles, | and long legends to shorten the way. | $c: by sir thomas dick lauder, bart. ...  highland rambles, and long legends to shorten the way",False,False,False,False,False,False,True
wu.89090379819,"Lover, Samuel","Lover, Samuel",1797-1868.,1837.0,1837.0,s,1837,    ,London;Baldwin and Cradock;1837.,1837,2d ed.,,"1798-1854|Ireland|Folk-lore, Irish|Legends|Folklore|Short stories, Irish|Croker, Thomas Crofton",,,7468884.0,enk,9183122,1,10.0,3.0,,,Legends and stories of Ireland : | Second series / | $c: By Samuel Lover.,,True,Legends and stories of Ireland : Second series,0.0,0.0,Samuel,m,10.283536585365852,21.873875297442,26.51488095238096,32.64263570011338,275.6815476190476,5093.056326176304,1.6,['fiction'],['unknown'],legends and stories of ireland : | second series / | $c: by samuel lover.  legends and stories of ireland : second series,True,False,False,False,False,False,True
nnc1.0315300390,"Knox, Charles H","Knox, Charles H",,1841.0,1841.0,s,1841,    ,London;Saunders and Otley;1841.,1841,1. The Black Forest and its neighbourhood.--2. The Moselle and its archbishops.--3. The Rhine and its legends.,,Germany|Legends,,,31349730.0,enk,8401068,1,1.0,1.0,v.3,3.0,"Traditions of western Germany. | The Black Forest, the Neckar, the Odenwald, the Taunus, the Rhine, and the Moselle ...",The Rhine and its legends,True,The Rhine and its legends,0.1171785615322188,0.0032940413970671,Charles,m,5.075471698113208,20.49744867687196,23.71207430340557,14.48985421119727,208.8235294117647,1638.3806228373703,1.3,['unknown'],['unknown'],"traditions of western germany. | the black forest, the neckar, the odenwald, the taunus, the rhine, and the moselle ... the rhine and its legends the rhine and its legends",False,False,False,False,False,False,True
uiuo.ark+=13960=t2f76mg4q,"Akerman, John Yonge","Akerman, John Yonge",1806-1873.,1842.0,1842.0,s,1842,    ,London;Bentley;1842.,1842,,,England|London|Legends,,,43309821.0,enk,8721301,1,2.0,2.0,v.1,1.0,London legends,,True,London legends,0.3951695470325794,0.0227717635052343,John,m,8.069686411149826,10.232077602010468,26.24742268041237,35.47830091756121,190.213058419244,2711.157355250882,2.2,['unknown'],['unknown'],london legends  london legends,False,False,False,False,False,False,True
wu.89104409677,,,,1843.0,1843.0,s,1843,    ,London;Tegg;1843?,1843,,,Literature|Collections,,,14091021.0,enk,8993985,1,1.0,1.0,,,"The story-teller; or, Table-book of popular literature.: | A collection of romances, short standard tales, traditions, and poetical legends of all nations; embracing the choicest productions, and forming a cheap and comprehensive library of minor fiction. With incidental notes, critical and illustrative.",,True,"The story-teller; or, Table-book of popular literature.: A collection of romances, short standard tales, traditions, and poetical legends of all nations; embracing the choicest productions, and forming a cheap and comprehensive library of minor fiction. With incidental notes, critical and illustrative",0.3141522378445039,0.0141468026201826,,unknown,43.32451923076923,192.6663218842456,123.6873508353222,287.4798161322845,1195.0095465393797,37287.86148404259,2.2,['unknown'],['unknown'],"the story-teller; or, table-book of popular literature.: | a collection of romances, short standard tales, traditions, and poetical legends of all nations; embracing the choicest productions, and forming a cheap and comprehensive library of minor fiction. with incidental notes, critical and illustrative.  the story-teller; or, table-book of popular literature.: a collection of romances, short standard tales, traditions, and poetical legends of all nations; embracing the choicest productions, and forming a cheap and comprehensive library of minor fiction. with incidental notes, critical and illustrative",False,True,False,False,False,False,True
uc1.b3327099,"Maxwell, W. H. (William Hamilton)","Maxwell, W. H. (William Hamilton)",1792-1850.,1847.0,1847.0,s,1847,    ,London;R. Bentley;1847.,1847,,,Folklore|Scotland,,PR4989.M45H5 1847,2739596.0,enk,7923038,2,2.0,2.0,v.1,1.0,Hill-side and Border sketches. | With legends of the Cheviots and the Lammermuir. | $c: By W. H. Maxwell.,,True,Hill-side and Border sketches. With legends of the Cheviots and the Lammermuir,0.2832472165373251,0.0549802449625151,William,m,8.18624641833811,9.34926642638402,24.29178470254957,20.965853188774485,213.77903682719543,2382.5064160694656,1.5,['unknown'],['english literature'],hill-side and border sketches. | with legends of the cheviots and the lammermuir. | $c: by w. h. maxwell.  hill-side and border sketches. with legends of the cheviots and the lammermuir,False,False,True,False,False,False,True
uc2.ark+=13960=t5j963h7v,,,,1853.0,1853.0,s,1853,    ,London;Henry G. Bohn;1853.,1853,,,"Killarney, Lakes of (Ireland)|Ireland|Legends",,,12147788.0,enk,8681927,1,1.0,1.0,,,Killarney legends,,True,Killarney legends,0.5761022837628359,0.3659560735635761,,unknown,9.740384615384617,12.051189595660748,41.285714285714285,116.57233560090704,331.5936507936508,6796.920594608213,2.4,['unknown'],['unknown'],killarney legends  killarney legends,False,False,False,False,False,False,True
nyp.33433082300561,"Mrs. Bray, (Anna Eliza)","Bray, (Anna Eliza), Mrs",1790-1883.,1854.0,1854.0,s,1854,    ,London;Grant and Griffith;1854.,1854,,,"Fairy tales, English",,,4254164.0,enk,8689051,1,1.0,1.0,,,"A peep at the pixies : | or, Legends of the west / | $c: by Mrs. Bray ... with illustrations by Hablot K. Browne (Phiz.)",,True,"A peep at the pixies : or, Legends of the west",0.4406521128266734,0.9617337599030328,Anna,f,12.853107344632768,162.11401576813816,27.92896174863388,46.754516408372886,320.3169398907104,8275.429603750485,2.4,['unknown'],['unknown'],"a peep at the pixies : | or, legends of the west / | $c: by mrs. bray ... with illustrations by hablot k. browne (phiz.)  a peep at the pixies : or, legends of the west",False,False,False,False,False,False,True
uc2.ark+=13960=t8sb40h6q,"Grant, James","Grant, James",1822-1887.,1860.0,1860.0, ,1860,    ,London;New York;G. Routledge;1860.,1860,,,,,,320986682.0,enk,7680096,1,1.0,1.0,,,Legends of the Black Watch,,True,Legends of the Black Watch,0.3195617728838113,0.0399737196092363,James,m,13.35279805352798,228.6322245309938,44.26456310679612,202.9227248091244,337.24271844660194,3573.9119615420864,4.1,['fiction'],['unknown'],legends of the black watch  legends of the black watch,False,False,False,False,False,False,True
nyp.33433081613584,"Forrester, Alfred Henry","Forrester, Alfred Henry",1804-1872.,1861.0,1861.0,s,1861,    ,London;H. Lea;1861,1861,,,Legends,,,13299156.0,enk,8681806,1,1.0,1.0,,,"Fairy footsteps; or, Lessons from legends. | $c: With one hundred illustrations, designed by Alfred Crowquill.",,True,"Fairy footsteps; or, Lessons from legends",0.0857543342127706,0.0615230395290431,Alfred,m,12.656084656084657,23.516642871140224,27.195,91.416975,320.035,18171.933775,1.5,['unknown'],['unknown'],"fairy footsteps; or, lessons from legends. | $c: with one hundred illustrations, designed by alfred crowquill.  fairy footsteps; or, lessons from legends",False,False,False,False,False,False,True
nnc1.cu58250972,"Dendy, Walter Cooper","Dendy, Walter Cooper",1794-1871.,1863.0,1863.0,s,1863,    ,London;Bell and Daldy;1863.,1863,,,Great Britain|Legends|History,Great Britain,PR4529.D5L4,1467304.0,enk,8434038,1,1.0,1.0,,,Legends of the lintel and the ley.,,True,Legends of the lintel and the ley,0.2455501345820085,0.1651213120635297,Walter,m,12.467836257309942,26.535515201258505,28.62824207492796,23.0116519529271,316.7463976945245,4560.52358212426,2.2,['unknown'],['english literature'],legends of the lintel and the ley.  legends of the lintel and the ley,False,False,False,False,False,False,True
mdp.39015008708425,Jón Árnason,Jón Árnason,1819-1888.,1864.0,1864.0,m,1864,1866,London;R. Bentley;1864-66.,1864-1866,,,Tales|Iceland|Translations into English|Fairy tales|Old Norse literature,,,38159245.0,enk,1880814,1,2.0,2.0,v.1,1.0,Icelandic legends. | $c: Collected by Jón Arnason. Tr. by George E.J. Powell & Eiríkur Magnússon...,,True,Icelandic legends,0.4078249287414133,0.5863925716372819,Jn,unknown,9.934362934362934,9.737004516927296,23.78358208955224,45.46062597460458,261.10820895522386,7324.969634105591,1.5,['unknown'],['unknown'],icelandic legends. | $c: collected by jón arnason. tr. by george e.j. powell & eiríkur magnússon...  icelandic legends,False,False,False,False,False,False,True
uc2.ark+=13960=t8hd7v501,"Leighton, Alexander","Leighton, Alexander",,1864.0,1864.0,s,1864,    ,Edinburgh;W. P. Nimmo;1864.,1864,,,,,,2339122.0,stk,7689555,1,1.0,1.0,,,Mysterious legends of Edinburgh,,True,Mysterious legends of Edinburgh,0.2074625978892466,0.0016553758061095,Alexander,m,10.741007194244604,15.38616013663889,37.02491103202847,34.899735312369394,400.1387900355872,6063.699598535985,2.3,['unknown'],['unknown'],mysterious legends of edinburgh  mysterious legends of edinburgh,False,False,False,False,False,False,True
mdp.39015063525888,"Ingoldsby, Thomas","Ingoldsby, Thomas",1788-1845.,1866.0,1845.0,s,1866,    ,London;R. Bentley;1866.,1866,[New ed.],,,,,3912198.0,enk,426459,1,9.0,7.0,,,"The Ingoldsby legends, or, Mirth and marvels, | $c: by Thomas Ingoldsby, esquire [pseud. of R. H. Barham].",,True,"The Ingoldsby legends, or, Mirth and marvels",0.5327101609192693,0.0441050922831731,Thomas,m,16.031446540880502,128.87322495154464,41.937629937629936,28.37033034954033,467.5634095634096,6588.599409580699,2.9,['fiction'],['unknown'],"the ingoldsby legends, or, mirth and marvels, | $c: by thomas ingoldsby, esquire [pseud. of r. h. barham].  the ingoldsby legends, or, mirth and marvels",False,False,False,False,False,False,True
nyp.33433081848958,"Berkeley, Grantley F. (Grantley Fitzhardinge)","Berkeley, Grantley F. (Grantley Fitzhardinge)",1800-1881.,1867.0,1867.0,s,1867,    ,London;R. Bentley;1867.,1867,2nd ed.,,Great Britain|Nobility|Legends|Barclay family,,DA110.B52,2370544.0,enk,8589994,1,1.0,1.0,v. 1,1.0,Anecdotes of the upper ten thousand: | their legends and their lives. | $c: By the Hon. Grantley F. Berkeley.,,True,Anecdotes of the upper ten thousand: their legends and their lives,0.2746975300499291,0.2180771981232644,Grantley,unknown,8.257756563245824,12.17699830828031,27.045023696682463,23.34631409896453,255.21563981042647,2814.1596606096,2.6,['unknown'],['great britain'],anecdotes of the upper ten thousand: | their legends and their lives. | $c: by the hon. grantley f. berkeley.  anecdotes of the upper ten thousand: their legends and their lives,False,False,False,False,False,True,True
nyp.33433082546395,"novelist. Greenwood, James","Greenwood, James",,1867.0,1867.0,s,1867,    ,London;J. C. Hotten;1867.,1867,,,Primitive societies,,PZ7.G853Le,3658079.0,enk,8654776,1,3.0,3.0,,,"Legends of savage life. | $c: By James Greenwood. With thirty-six illustrations, drawn on wood, by Ernest Griset, from his original designs.",,True,Legends of savage life,0.4106164401172579,0.3019730924083646,James,m,16.53271028037383,44.28631321512796,28.035714285714285,95.42729591836736,456.2410714285714,31237.1829559949,1.5,['unknown'],['fiction and juvenile belles lettres'],"legends of savage life. | $c: by james greenwood. with thirty-six illustrations, drawn on wood, by ernest griset, from his original designs.  legends of savage life",False,False,False,False,False,False,True
uc2.ark+=13960=t4wh2r71m,,,,1868.0,1868.0,s,1868,    ,"London;Hamilton, Adams;1868.",1868,,,,,,15056524.0,enk,7700753,1,1.0,1.0,,,Legends of Westmorland and the Lake District,,True,Legends of Westmorland and the Lake District,0.0874024637870508,0.023770249550177,,unknown,10.910614525139664,17.276926438001308,37.62295081967213,52.81411806861955,334.5136612021858,5786.960195885215,2.1,['fiction'],['unknown'],legends of westmorland and the lake district  legends of westmorland and the lake district,False,False,False,False,False,False,True
uiuo.ark+=13960=t8jd5g779,"Maunsell, Thomasine","Maunsell, Thomasine",,1873.0,1873.0,s,1873,    ,London;Tinsley Bros.;1873.,1873,,,,,,220831426.0,enk,8720965,1,1.0,1.0,v.1,1.0,Legends of the Jacobite wars,,True,Legends of the Jacobite wars,0.0187626848775366,0.0171290691749266,Thomasine,f,9.597173144876326,12.184020277441345,27.335689045936395,31.43148247574574,194.2402826855124,1963.0730062805128,2.1,['fiction'],['unknown'],legends of the jacobite wars  legends of the jacobite wars,False,False,False,False,False,False,True
inu.39000003736662,"comtesse. Günther, Marie Alker","comtesse. Günther, Marie Alker",,1874.0,1874.0,s,1874,    ,London;Chapman and Hall;1874.,1874,,,,,,5006905.0,enk,6936309,3,3.0,3.0,,,Tales and legends of the Tyrol.,,True,Tales and legends of the Tyrol,0.9560773681778052,0.98163862319647,Marie,f,6.642241379310345,3.33321566587396,21.96234309623431,25.257996183540204,203.20083682008368,3045.867614362494,1.5,['unknown'],['unknown'],tales and legends of the tyrol.  tales and legends of the tyrol,False,True,False,False,False,False,True
uc2.ark+=13960=t9280g02d,,,,1874.0,1874.0,s,1874,    ,"London;Hamilton, Adams, and Co.; [etc., etc.;1874.",1874,,,,,,15056574.0,enk,7700752,1,1.0,1.0,,,Legends of Westmorland and the Lake district,,True,Legends of Westmorland and the Lake district,0.0810664014976546,0.0352218021089763,,unknown,10.99438202247191,17.646035854058834,37.752747252747255,49.285019925129816,335.8131868131868,5349.822243690375,2.5,['fiction'],['unknown'],legends of westmorland and the lake district  legends of westmorland and the lake district,False,False,False,False,False,False,True
uc1.b3331964,"Baron, Brabourne, Edward Hugessen Knatchbull-Hugessen","Baron, Brabourne, Edward Hugessen Knatchbull-Hugessen",1828-1893.,1875.0,1875.0,s,1875,    ,"London;Dalby, Isbister, & co.;1875.",1875,,,,,,4601547.0,enk,7919741,2,2.0,2.0,,,"River legends; | or, Father Thames and Father Rhine, | $c: by the Right Hon. E. H. Knatchbull-Hugessen, M.P., with illustrations by Gustave Doré.",,True,"River legends; or, Father Thames and Father Rhine",0.3109086580582105,0.0621074720109171,Edward,m,9.31153846153846,11.060636094674557,29.32319391634981,55.57995633882231,288.79467680608366,7186.224002081856,2.6,['unknown'],['unknown'],"river legends; | or, father thames and father rhine, | $c: by the right hon. e. h. knatchbull-hugessen, m.p., with illustrations by gustave doré.  river legends; or, father thames and father rhine",False,False,False,False,False,False,True
nyp.33433068188691,"Westall, William","Westall, William",1835-1903.,1877.0,1877.0,s,1877,    ,"London;Griffith and Farran; [etc., etc.;1877.",1877,,,,,,6466495.0,enk,8622386,1,1.0,1.0,,,Tales and legends of Saxony and Lusatia. | $c: By W. Westall. With illustrations by H. W. Petherick.,,True,Tales and legends of Saxony and Lusatia,0.1675197558972233,0.0853296679573912,William,m,13.638176638176638,206.9260639118189,23.674931129476583,74.27449551867284,230.4159779614325,7981.835226798412,2.4,['unknown'],['unknown'],tales and legends of saxony and lusatia. | $c: by w. westall. with illustrations by h. w. petherick.  tales and legends of saxony and lusatia,False,True,False,False,False,False,True
mdp.39015002151234,"Webster, Wentworth","Webster, Wentworth",1829-1907.,1879.0,1879.0,s,1879,    ,London;Griffith and Farran [etc.;1879.,1879,,,,,,68184120.0,enk,1880586,1,1.0,1.0,,,"Basque legends: | collected, chiefly in the Labourd, | $c: by Rev. Wentworth Webster ... With an essay on the Basque language, by M. Julien Vinson ...",,True,"Basque legends: collected, chiefly in the Labourd",0.5714527353495538,0.2169671570763536,Wentworth,unknown,20.82413793103448,55.24838287752676,35.43624161073826,88.0311697671276,394.01006711409394,8980.835469123014,2.1,['unknown'],['unknown'],"basque legends: | collected, chiefly in the labourd, | $c: by rev. wentworth webster ... with an essay on the basque language, by m. julien vinson ...  basque legends: collected, chiefly in the labourd",False,False,False,False,False,False,True
inu.39000005833293,"Croker, Thomas Crofton","Croker, Thomas Crofton",1798-1854.,1879.0,1854.0,s,1879,    ,London;W. Tegg;1879.,1879,2d ed.,,Ireland|Legends|Folklore|Killarney (Kerry),,,2050112.0,enk,6935506,1,1.0,1.0,,,"Killarney legends / | $c: edited by T. Crofton Croker; a new ed. rev. by T. Wright, with an introd. by T. F. Dillon Croker.",,True,Killarney legends,0.5927463177670904,0.4445410979417931,Thomas,m,9.990033222591364,12.800565115175328,33.12380952380953,74.45768707482992,320.44761904761907,10298.621859410432,2.8,['fiction'],['unknown'],"killarney legends / | $c: edited by t. crofton croker; a new ed. rev. by t. wright, with an introd. by t. f. dillon croker.  killarney legends",False,False,False,False,False,False,True
mdp.39015014648227,"Sir, Lauder, Thomas Dick","Lauder, Thomas Dick, Sir",1784-1848.,1880.0,1848.0,r,1880,    ,"London;Hamilton;Adams, & co., [etc., etc.;1880.",1880,,,Scotland|Legends,,,68184096.0,enk,1880522,1,2.0,2.0,,,"Highland legends, | $c: by Sir Thomas Dick Lauder ...",,False,Highland legends,0.1374977151790249,0.1570003031991335,Thomas,m,16.09560723514212,48.153649954262896,39.82142857142857,74.23341836734691,440.5025510204082,10540.285707778008,1.5,['unknown'],['unknown'],"highland legends, | $c: by sir thomas dick lauder ...  highland legends",False,False,False,False,False,False,True
nyp.33433088070192,"Middlemore, Maria Trinidad Howard Sturgis","Middlemore, Maria Trinidad Howard Sturgis",,1881.0,1881.0,s,1883,    ,London;W. Satchell and co.;1883,1883,,,Spain|Tales|Legends,,,2664368.0,enk,1880831,1,1.0,1.0,,,Round a posada fire : | Spanish legends / | $c: by Mrs. S. G. C. Middlemore ; illustrations by E. D. Hale.,,True,Round a posada fire : Spanish legends,0.6673600561301407,0.0043332415325145,Maria,f,7.395973154362416,16.44052069726589,18.1523178807947,38.14236217709749,167.71523178807948,4609.289767992632,2.3,['fiction'],['unknown'],round a posada fire : | spanish legends / | $c: by mrs. s. g. c. middlemore ; illustrations by e. d. hale.  round a posada fire : spanish legends,False,False,False,False,False,False,True
nyp.33433088071380,"Mawer, E. B","Mawer, E. B",,1881.0,1881.0,s,1881,    ,London;H.K. Lewis;1881.,1881,,,Folklore|Romania|Tales,,,937578.0,enk,7151505,1,1.0,1.0,,,Roumanian fairy tales and legends. | $c: [Tr. by E.B.M. i.e. E.B. Mawer],,True,Roumanian fairy tales and legends,0.3358197672498505,0.1034513060825585,E,unknown,9.301470588235292,12.269409602076124,22.211267605633804,58.19480261852807,215.9084507042253,7432.885984923625,1.5,['unknown'],['unknown'],roumanian fairy tales and legends. | $c: [tr. by e.b.m. i.e. e.b. mawer]  roumanian fairy tales and legends,False,True,False,False,False,False,True
wu.89060404829,"Mathews, Cornelius","Mathews, Cornelius",1817-1889.,1882.0,1882.0,s,1882,    ,London;W. S. Sonnenschein;1882,1882,,,Folklore|Indians of North America|Legends,,,3124423.0,enk,6802781,1,1.0,1.0,,,Hiawatha : | and other legends of the wigwams of the red American Indians / | $c: compiled from original sources by Cornelius Matthews.,,True,Hiawatha : and other legends of the wigwams of the red American Indians,0.132806843474132,0.9296591381712,Cornelius,m,10.845272206303726,16.21101632991519,25.87042253521127,29.4592660186471,258.8197183098591,3860.119611188256,2.2,['unknown'],['unknown'],hiawatha : | and other legends of the wigwams of the red american indians / | $c: compiled from original sources by cornelius matthews.  hiawatha : and other legends of the wigwams of the red american indians,False,False,False,False,False,False,True
uc2.ark+=13960=t4th8cv9n,,,,1889.0,1889.0,s,1889,    ,London;W. W. Gibbings;1889.,1889,,,Germany|Tales,,GR166.F62,15865585.0,enk,1286994,1,1.0,1.0,v.1,1.0,Folk-lore and legends: Germany,,True,Folk-lore and legends: Germany,0.3464385400260467,0.6609466644695053,,unknown,11.306122448979592,19.926697209496044,31.28140703517588,61.19719199010126,247.929648241206,4808.94982449938,1.7,['fiction'],['unknown'],folk-lore and legends: germany  folk-lore and legends: germany,False,False,False,False,False,False,True
uc2.ark+=13960=t1kh0hv79,,,,1889.0,1889.0,s,1889,    ,London;W.W. Gibbings;1889.,1889,,,Folklore|Scotland,,,19786082.0,enk,6522965,2,2.0,2.0,,,Folk-lore and legends;,,True,Folk-lore and legends;,0.7726773196784383,0.5663352922688849,,unknown,7.636363636363637,8.696051423324151,30.29064039408867,116.7578926933437,254.42364532019704,6039.426435972725,1.4,['unknown'],['unknown'],folk-lore and legends;  folk-lore and legends;,False,False,False,False,False,False,True
mdp.39015013287134,,,,1890.0,1890.0,s,1890,    ,London;W. W. Gibbings;1890.,1890,,,England|Legends,,,6131942.0,enk,1880499,1,1.0,1.0,,,Folk-lore and legends: | English.,,True,Folk-lore and legends: English,0.6247336028475324,0.7722942417179212,,unknown,10.004761904761905,29.29045351473923,26.44811320754717,30.162402100391606,259.0471698113208,3937.827963688145,3.4,['unknown'],['unknown'],folk-lore and legends: | english.  folk-lore and legends: english,False,False,False,False,False,False,True
mdp.39015008594692,"Monteiro, Mariana","Monteiro, Mariana",,1890.0,1890.0,s,1890,    ,London;T.F. Unwin;1890.,1890,,,Folklore|Basques,,,7898010.0,enk,1880585,2,2.0,2.0,,,"Legends and popular tales of the Basque people, | $c: by Mariana Monteiro; with illustrations in photogravure by Harold Copping.",,True,Legends and popular tales of the Basque people,0.1949446984452168,0.4053758874417038,Mariana,f,11.780575539568344,29.056169452926863,25.860714285714284,21.36988520408164,255.9178571428572,3437.761109693877,3.0,['unknown'],['unknown'],"legends and popular tales of the basque people, | $c: by mariana monteiro; with illustrations in photogravure by harold copping.  legends and popular tales of the basque people",False,True,False,False,False,False,True
uc2.ark+=13960=t7pn9107p,,,,1890.0,1890.0,s,1890,    ,London;W. W. Gibbings;1890.,1890,,,Russia|Poland|Legends,,,6134635.0,enk,1880693,1,1.0,1.0,,,Folk-lore and legends,,True,Folk-lore and legends,0.3023081122761867,0.9743131418062976,,unknown,12.756613756613756,19.369334565101763,32.057291666666664,66.64775933159723,261.9427083333333,5525.91859266493,2.1,['unknown'],['unknown'],folk-lore and legends  folk-lore and legends,False,False,False,False,False,False,True
mdp.39015062219715,,,,1890.0,1890.0,s,1890,    ,London;W. W. Gibbings;1890.,1890,,,Scandinavia|Legends,,,6134649.0,enk,1880792,1,1.0,1.0,,,Folk-lore and legends: | Scandinavian.,,True,Folk-lore and legends: Scandinavian,0.1428098058652749,0.9649506801384542,,unknown,12.304347826086955,29.01365259399286,27.197183098591548,58.6653441777425,272.85915492957747,7422.515373933743,1.5,['unknown'],['unknown'],folk-lore and legends: | scandinavian.  folk-lore and legends: scandinavian,False,False,False,False,False,False,True
inu.39000005757880,"Hodgetts, Edith M. S","Hodgetts, Edith M. S",,1890.0,1890.0,s,1890,    ,"London [etc.;Griffith, Farran, Okeden & Welsh;1890.",1890,,,Folklore|Legends|Social life and customs|Tales|Russia,Russia,,5080049.0,enk,6936419,1,2.0,1.0,,,Tales and legends from the land of the tzar; | a collection of Russian stories tr. from the original Russian.,,True,Tales and legends from the land of the tzar; a collection of Russian stories tr. from the original Russian,0.2154755329338929,0.9647771248421444,Edith,f,13.876132930513595,21.53450589169504,29.47761194029851,39.49128981955892,295.23880597014926,5159.178792604143,2.5,['unknown'],['unknown'],tales and legends from the land of the tzar; | a collection of russian stories tr. from the original russian.  tales and legends from the land of the tzar; a collection of russian stories tr. from the original russian,True,True,False,False,False,False,True
mdp.39015029560045,"Sylva, Carmen","Sylva, Carmen",,1896.0,1896.0,s,1896,    ,London;G. Allen;1896.,1896,,,Mountains|Folklore|Romania|Rivers,,,2397525.0,enk,2639474,1,1.0,1.0,,,"Legends from river & mountain; | $c: by Carmen Sylva (H. M. the Queen of Roumania) and Alma Strettel, with illustrations; by T. H. Robinson.",,True,Legends from river & mountain;,0.2526565172707873,0.8620350267119008,Carmen,f,11.791946308724832,45.01711634611055,24.33018867924528,114.66141568767058,280.9685534591195,18696.043036272305,1.4,['unknown'],['unknown'],"legends from river & mountain; | $c: by carmen sylva (h. m. the queen of roumania) and alma strettel, with illustrations; by t. h. robinson.  legends from river & mountain;",False,False,False,False,False,False,True
inu.30000108972971,"Lady, Gurdon, Eveline Camilla","Gurdon, Eveline Camilla, Lady",1858-1894.,1897.0,1894.0,s,1897,    ,"London;New York [etc.;Longmans, Green, & co.;1897.",1897,,,,,,4999657.0,enk,245039,2,2.0,2.0,,,"Suffolk tales & other stories : | fairy legends, poems, miscellaneous articles / | $c: by the late Lady Camilla Gurdon.",,True,"Suffolk tales & other stories : fairy legends, poems, miscellaneous articles",0.2719044764316158,0.1810617253215215,Eveline,f,15.156164383561643,43.69890035653968,30.64,96.39573333333333,350.344,15765.548330666668,1.7,['unknown'],['unknown'],"suffolk tales & other stories : | fairy legends, poems, miscellaneous articles / | $c: by the late lady camilla gurdon.  suffolk tales & other stories : fairy legends, poems, miscellaneous articles",True,True,False,False,False,False,True
inu.30000126593593,"Oakley, G. R. (George Robert)","Oakley, G. R. (George Robert)",b. 1863.,1900.0,1900.0,q,1900,1984,Rochdale|Edwards & Bryning|19--?,"<estimate=""[19--?]"">",,,Rochdale Region (Lancashire)|England|Legends,,,10426851.0,enk,6955369,1,1.0,1.0,,,In olden days : | Lancashire legends : Rochdale and neighbourhood / | $c: by G.R. Oakley.,,True,In olden days : Lancashire legends : Rochdale and neighbourhood,0.114774546928213,0.0294870231082985,George,m,10.441176470588236,16.293598615916952,28.14857142857143,57.64649795918368,249.02857142857144,4941.136326530612,1.9,['unknown'],['unknown'],in olden days : | lancashire legends : rochdale and neighbourhood / | $c: by g.r. oakley.  in olden days : lancashire legends : rochdale and neighbourhood,False,False,False,False,False,False,True
uc2.ark+=13960=t8hd7rc3x,"Tolstoy, Leo","Tolstoy, Leo, graf",,1901.0,1901.0,s,1901,    ,London;Free Age Press;1901.,1901,,,,,,10945196.0,enk,5879269,1,1.0,1.0,,,Popular stories and legends,,True,Popular stories and legends,0.3081759342552374,0.5112110914026622,Leo,m,25.36774193548387,53.12283038501562,46.936708860759495,110.16055119371894,408.5379746835443,11706.248557923407,2.4,['fiction'],['unknown'],popular stories and legends  popular stories and legends,True,False,False,False,False,False,True
uc2.ark+=13960=t1td9nv23,"Tibbits, Charles John","Tibbits, Charles John",,1902.0,1902.0,s,1902,    ,"London;Gibbings and company, limited;1902.",1902,,,,,,6131937.0,enk,7674876,1,1.0,1.0,,,"English fairy tales, folklore and legends",,True,"English fairy tales, folklore and legends",0.6147297504057171,0.7786227040951657,Charles,m,8.924528301886792,15.862228551085794,30.0,90.58447488584476,243.2922374429224,7504.179437459603,2.4,['unknown'],['unknown'],"english fairy tales, folklore and legends  english fairy tales, folklore and legends",False,True,False,False,False,False,True
nyp.33433086946641,,,,1902.0,1902.0,s,1902,    ,London;Gibbings;1902.,1902,,,"Legends, Scottish|Folklore, Scottish|Fairy tales, Scottish",,,9809649.0,enk,8682004,1,1.0,1.0,,,"Scottish fairy tales, folklore, and legends / | $c: illustrated by Geoffrey Strahan.",,True,"Scottish fairy tales, folklore, and legends",0.7688867312195187,0.5456012911459069,,unknown,7.584158415841584,9.549848054112342,23.26991150442478,92.85192654084108,229.0265486725664,10967.503719946744,0.7,['fiction'],['unknown'],"scottish fairy tales, folklore, and legends / | $c: illustrated by geoffrey strahan.  scottish fairy tales, folklore, and legends",False,True,False,False,False,False,True
inu.30000121029825,,,,1905.0,1905.0,s,1905,    ,London;Hutchinson;1905?,1905,,,"Folklore, Oriental|Orient|Fairy tales",,,6411410.0,enk,6953415,1,1.0,1.0,,,Oriental fairy tales : | folklore and legends / | $c: with eight illustrations by R. C. Armour.,,True,Oriental fairy tales : folklore and legends,0.6632026430980453,0.090535720406999,,unknown,10.5,15.098837209302326,25.837078651685392,60.33862517358919,259.3426966292135,8010.764581492234,1.7,['fiction'],['unknown'],oriental fairy tales : | folklore and legends / | $c: with eight illustrations by r. c. armour.  oriental fairy tales : folklore and legends,False,True,False,False,False,False,True
mdp.39015021920510,,,,1906.0,1906.0,s,1906,    ,London;New York;Norr??na Society;1906.,1906,,,"Stories, plots, etc|Wagner, Richard|Sagas|1813-1883|Translations into English",,,32889628.0,enk,3083247,1,1.0,1.0,,,The Volsunga saga / | $c: translated from the Icelandic by Eirikr Magnusson and William M. Morris ; with introduction by H. Halliday Sparling. Supplemented with Legends of the Wagner trilogy / by Jessie L. Weston. And Old Norse sagas kindred to the Volsung and Niblung tale.,,True,The Volsunga saga,0.3201059203919783,0.6919720056713993,,unknown,9.132022471910112,13.496615010730968,29.39130434782609,45.74362003780718,306.7201086956522,7310.266769553402,1.2,['unknown'],['unknown'],the volsunga saga / | $c: translated from the icelandic by eirikr magnusson and william m. morris ; with introduction by h. halliday sparling. supplemented with legends of the wagner trilogy / by jessie l. weston. and old norse sagas kindred to the volsung and niblung tale.  the volsunga saga,False,False,False,False,False,False,True
uc2.ark+=13960=t6m048z3v,"Middleton, Thomas","Middleton, Thomas",,1906.0,1906.0,s,1906,    ,Hyde;Clarendon Press;1906.,1906,,,Folklore|England|Cheshire,,,15056559.0,enk,7701485,1,1.0,1.0,,,Legends of Longdendale;,,True,Legends of Longdendale;,0.3538782494871343,0.0532680881302906,Thomas,m,20.630769230769232,106.37136094674555,81.51492537313433,1044.533359322789,473.1716417910448,41475.64964357318,2.5,['fiction'],['unknown'],legends of longdendale;  legends of longdendale;,False,False,False,False,False,False,True
mdp.39015000567027,,,,1907.0,1907.0,s,1907,    ,London;New York [etc.;Norroena society;1907.,1907,,,,,,3077256.0,enk,1787341,1,1.0,1.0,,,"The Volsunga saga, | $c: tr. from the Icelandic by Eirikr Magnusson and William Morris, with introduction by H. Halliday Sparling, supplemented with Legends of the Wagner trilogy by Jessie L. Weston, and old Norse sagas kindred to the Volsung and Niblung tale. Hon. Rasmus B. Anderson, LL. D., editor in chief. J.W. Buel, Ph.D., managing editor.",,True,The Volsunga saga,0.2913148551754042,0.7107592834027981,,unknown,9.448863636363637,30.417839617768585,29.50985915492958,24.942860543542945,316.02535211267605,4921.044427692917,1.8,['unknown'],['unknown'],"the volsunga saga, | $c: tr. from the icelandic by eirikr magnusson and william morris, with introduction by h. halliday sparling, supplemented with legends of the wagner trilogy by jessie l. weston, and old norse sagas kindred to the volsung and niblung tale. hon. rasmus b. anderson, ll. d., editor in chief. j.w. buel, ph.d., managing editor.  the volsunga saga",False,False,False,False,False,False,True
mdp.39015008691738,"Guerber, H. A. (Hélène Adeline)","Guerber, H. A. (Hélène Adeline)",d. 1929.,1909.0,1909.0,s,1909,    ,London;G.G. Harrap & company;1909,1909,,,"Mythology|Mythology in literature|Literature, Medieval|History and criticism|Legends",,,561030.0,enk,1901251,2,5.0,5.0,,,"Myths & legends of the Middle Ages, | their origin and influence on literature and art, | $c: by H. A. Guerber.",,True,"Myths & legends of the Middle Ages, their origin and influence on literature and art",0.3476691916182086,0.8795802127522246,Hlne,unknown,13.808314087759817,41.78080847409715,36.60770975056689,323.78488387040375,330.9342403628118,14570.247376350388,5.0,['unknown'],['unknown'],"myths & legends of the middle ages, | their origin and influence on literature and art, | $c: by h. a. guerber.  myths & legends of the middle ages, their origin and influence on literature and art",False,False,False,False,False,False,True
uc2.ark+=13960=t0sq8s828,"Mantegazza, Paolo","Mantegazza, Paolo",1831-1910.,1909.0,1909.0,s,1909,    ,Edinburgh;Foulis;1909.,1909,,,,,,14267183.0,stk,7666564,1,1.0,1.0,,,"The legends of flowers: or, ""'Tis love that makes the world go round.""",,True,"The legends of flowers: or, ""'Tis love that makes the world go round.""",0.2039420455913072,0.2299222214517534,Paolo,m,6.089041095890411,5.998920998311128,25.540880503144653,62.02191369012303,130.35849056603774,2426.468968790792,1.8,['unknown'],['unknown'],"the legends of flowers: or, ""'tis love that makes the world go round.""  the legends of flowers: or, ""'tis love that makes the world go round.""",False,False,False,False,False,False,True
mdp.39015088632610,"Shedlock, Marie L","Shedlock, Marie L",1854-1935.,1910.0,1910.0,s,1910,    ,London;George Routledge & sons;1910.,1910,,,Juvenile works|Storytelling|Buddhism,,,228704262.0,enk,9675491,1,2.0,2.0,,,A collection of eastern stories and legends for narration or later reading in schools / | $c: selected and adapted by Marie L. Shedlock ; with a foreword by Prof. T.W. Rhys Davids and a frontispiece by Wolfram Onslow Ford.,,True,A collection of eastern stories and legends for narration or later reading in schools,0.5181286284215221,0.9843422980659826,Marie,f,7.2105263157894735,17.569713758079413,17.92436974789916,76.45646493891674,156.41176470588235,6989.435491843796,1.6,['unknown'],['unknown'],a collection of eastern stories and legends for narration or later reading in schools / | $c: selected and adapted by marie l. shedlock ; with a foreword by prof. t.w. rhys davids and a frontispiece by wolfram onslow ford.  a collection of eastern stories and legends for narration or later reading in schools,True,False,False,False,False,False,True
uc2.ark+=13960=t6d21zr72,"Roby, John","Roby, John",1793-1850.,1911.0,1850.0,s,1911,    ,"London;Constable & Co., Ltd.;1911.",1911,,,,,,15056498.0,enk,5776682,2,2.0,2.0,,,Lancashire legends,,False,Lancashire legends,0.1908206878412628,0.0992722404648272,John,m,15.30625,33.1999609375,38.11976047904192,105.1473340743662,293.34131736526945,8153.063143174727,2.6,['unknown'],['unknown'],lancashire legends  lancashire legends,False,False,False,False,False,False,True
uiuo.ark+=13960=t2g73bf63,"Keller, Gottfried","Keller, Gottfried",1819-1890.,1911.0,1890.0,s,1911,    ,London;Glasgow;Gowans & Gray;1911.,1911,,,,,,3094575.0,enk,8723193,1,1.0,1.0,,,Seven legends,,True,Seven legends,0.2869496953738316,0.2925760635325892,Gottfried,m,10.440677966101696,14.704108014938235,33.858333333333334,49.67159722222221,287.2,6928.81,3.1,['fiction'],['unknown'],seven legends  seven legends,False,False,False,False,False,False,True
uc1.b3136720,"Hutchinson, W. M. L. (Winifred Margaret Lambart)","Hutchinson, W. M. L. (Winifred Margaret Lambart)",b. 1868.,1912.0,1912.0,s,1912,    ,London;E.P. Dutton;1912,1912,v. 1. Myths of the gods.--v. 2. Myths of the heroes.--v. 3. Legends of Thebes.,,"Mythology, Greek",,BL781.H87,3502180.0,enk,1392474,1,1.5,1.5,v.1,1.0,"The muses' pageant: | myths and legends of ancient Greece, | $c: retold by W. M. L. Hutchinson.",Myths of the gods,True,Myths of the gods,0.4018616928121317,0.9192012465630756,Winifred,f,9.756302521008404,9.117082126968432,30.369294605809127,31.983953444327742,300.4730290456432,4751.8841273394055,2.3,['unknown'],['unknown'],"the muses' pageant: | myths and legends of ancient greece, | $c: retold by w. m. l. hutchinson. myths of the gods myths of the gods",False,False,False,False,False,False,True
uc1.b3136691,"Hutchinson, W. M. L. (Winifred Margaret Lambart)","Hutchinson, W. M. L. (Winifred Margaret Lambart)",b. 1868.,1912.0,1912.0,s,1912,    ,London;E.P. Dutton;1912,1912,v. 1. Myths of the gods.--v. 2. Myths of the heroes.--v. 3. Legends of Thebes.,,"Mythology, Greek",,BL781.H87,3502180.0,enk,1392474,2,2.0,2.0,v.3,3.0,"The muses' pageant: | myths and legends of ancient Greece, | $c: retold by W. M. L. Hutchinson.",Legends of Thebes,True,Legends of Thebes,0.1322812710858974,0.408453894259175,Winifred,f,12.259067357512953,10.865526591317888,30.695,28.21197500000001,312.455,4891.457975,2.0,['unknown'],['unknown'],"the muses' pageant: | myths and legends of ancient greece, | $c: retold by w. m. l. hutchinson. legends of thebes legends of thebes",False,False,False,False,False,False,True
mdp.39015062236297,"Hutchinson, W. M. L. (Winifred Margaret Lambart)","Hutchinson, W. M. L. (Winifred Margaret Lambart)",b. 1868.,1912.0,1912.0,s,1912,    ,London;E.P. Dutton;1912,1912,v. 1. Myths of the gods.--v. 2. Myths of the heroes.--v. 3. Legends of Thebes.,,"Mythology, Greek",,BL781.H87,3502180.0,enk,1392474,1,1.0,1.0,,,"The muses' pageant: | myths and legends of ancient Greece, | $c: retold by W. M. L. Hutchinson.",,True,The muses' pageant: myths and legends of ancient Greece,0.1492876056632216,0.3747219273690634,Winifred,f,12.4375,11.610677083333334,30.236453201970445,33.00812929214492,307.7733990147783,6177.111213569851,1.6,['unknown'],['unknown'],"the muses' pageant: | myths and legends of ancient greece, | $c: retold by w. m. l. hutchinson.  the muses' pageant: myths and legends of ancient greece",False,False,False,False,False,False,True
uc1.$b755675,"Lang, Jeanie","Lang, Jeanie",,1913.0,1913.0,s,1913,    ,London;T. C. & E. C. Jack;1913.,1913,,,,,,2295334.0,enk,8222315,2,3.0,3.0,,,"North and south of Tweed; | stories and legends of the Borders, | $c: by Jean Lang.",,True,North and south of Tweed; stories and legends of the Borders,0.4434411037326383,0.0013407636260222,Jeanie,f,10.684782608695652,14.868029300567107,28.236559139784948,20.78812579488958,275.2096774193548,2443.6065730142213,2.1,['unknown'],['unknown'],"north and south of tweed; | stories and legends of the borders, | $c: by jean lang.  north and south of tweed; stories and legends of the borders",True,False,False,False,False,False,True
njp.32101072852633,"Mason, Eugene","Mason, Eugene",,1913.0,1913.0,s,1913,    ,London;J.M. Dent;New York;E.P. Dutton;1913.,1913,,,French literature|Translations into English|To 1500,,,2299783.0,enk,9009334,1,1.0,1.0,,,"Old-world love stories. | From the lays of Marie de France, & other mediaeval romances & legends, | $c: tr. from the French by Eugene Mason. Illustrated and decorated by Reginald L. Knowles.",,True,"Old-world love stories. From the lays of Marie de France, & other mediaeval romances & legends",0.1746662225082786,0.9974298314615764,Eugene,m,14.0817843866171,16.952419120797114,30.75636363636364,36.56245950413224,314.26181818181817,5949.713269421489,2.4,['unknown'],['unknown'],"old-world love stories. | from the lays of marie de france, & other mediaeval romances & legends, | $c: tr. from the french by eugene mason. illustrated and decorated by reginald l. knowles.  old-world love stories. from the lays of marie de france, & other mediaeval romances & legends",True,False,False,False,False,False,True
