docid,oldauthor,author,authordate,inferreddate,latestcomp,datetype,startdate,enddate,imprint,imprintdate,contents,genres,subjects,geographics,locnum,oclc,place,recordid,instances,allcopiesofwork,copiesin25yrs,enumcron,volnum,title,parttitle,earlyedition,shorttitle,nonficprob,juvenileprob,first_name,estimated_gender,avg_sentence_count,var_sentence_count,avg_line_count,var_line_count,avg_tokens_per_page,var_tokens_per_page,cap_alpha_freq,genre_tag,lcc_category
mdp.39015030708971,"Reade, Charles","Reade, Charles",1814-1884.,1884.0,1884.0,s,1884,    ,London;Chatto & Windus;1884.,1884,,,,,PZ3.R222Go4,4679546.0,enk,1377134,1,1.0,1.0,,,"Good stories of man and other animals,",,True,Good stories of man and other animals,0.2914740758705897,0.0097312017839367,Charles,m,17.37102473498233,37.01075054002423,29.922033898305084,41.3939212869865,308.9593220338984,5903.9169893708695,1.2,['unknown'],['fiction and juvenile belles lettres']
uva.x030803619,Mrs. Barber,"Barber, Mrs",,1827.0,1827.0,s,1827,    ,London;Printed for the author;1827.,1827,,,,,,21269292.0,enk,9782900,1,1.0,1.0,,,"Scenes of life : | or, The influence of religion / | $c: by Mrs. Barber.",,True,"Scenes of life : or, The influence of religion",0.056008933081444,0.0114912691926423,Mrs,unknown,7.547854785478548,3.7988650350183537,25.98032786885246,15.2717441547971,236.8655737704918,1756.470454178984,2.3,['unknown'],['unknown']
hvd.hwjvwl,"Edgeworth, Maria","Edgeworth, Maria",1767-1849.,1823.0,1823.0,s,1823,    ,"London;printed for R. Hunter, etc.;1823.",1823,"Seventh edition.|Contents: 1. Lame Jervas. The will. Limerick gloves. Out of debt, out of danger.--2. The lottery. Rosanna. Murad the unlucky. The manufacturers.--3. The contrast. The grateful Negro. To-morrow.",,,,,3588128.0,enk,9718955,1,1.0,1.0,v.3,3.0,Popular tales.,The contrast. The grateful Negro. To-morrow,True,The contrast. The grateful Negro. To-morrow,0.3019363798220168,0.7310345116426753,Maria,f,9.93841642228739,12.175093093454649,26.737752161383284,19.547940768547203,235.9481268011528,2257.1961564334897,1.3,['fiction'],['unknown']
uc2.ark+=13960=t4qj7c31z,"Conway, Hugh","Conway, Hugh",1847-1885.,1885.0,1885.0,s,1885,    ,London;John and Robert Maxwell;1885,1885,,,,,PR4699.F16D3 1885 Russian Imperial Coll,12977971.0,enk,9260145,1,1.0,1.0,,,"At what cost, and other stories",,True,"At what cost, and other stories",0.1236388748684139,0.0001515744213746,Hugh,m,10.12290502793296,24.09662619768422,28.31891891891892,66.0118042366691,173.0810810810811,4010.4204528853184,2.0,['fiction'],['english literature']
mdp.39015064443982,"Anstey, F","Anstey, F",1856-1934.,1898.0,1898.0,s,1898,    ,London;G. Richards;1898,1898,,,,,,12627070.0,enk,245214,1,1.0,1.0,,,"Paleface and Redskin, | and other stories for boys and girls, | $c: by F. Anstey [pseud.] Illustrated by Gordon Browne.",,True,"Paleface and Redskin, and other stories for boys and girls",0.0442798672018062,0.9593261081331332,F,unknown,11.278169014084508,29.834593830589167,24.09621993127148,64.69864550489484,228.446735395189,7286.597678345793,1.8,['fiction'],['unknown']
uc1.b3322552,"Grattan, Thomas Colley","Grattan, Thomas Colley",1792-1864.,1825.0,1825.0,s,1825,    ,London;Printed for Henry Colburn ...;1825.,1825,"v. 1. Caribert, the bear hunter -- v. 2. The priest and the gard-du-corps -- v. 3. The priest and the garde-du-corps (concluded). The vouée au blanc.",,,,,9910099.0,enk,7915322,1,2.0,2.0,v.1,1.0,"High-ways and by-ways, or, Tales of the roadside, : | picked up in the French provinces. / | $c: By A walking gentleman. ; Second series. ; In three volumes.","Caribert, the bear hunter",True,"Caribert, the bear hunter",0.0771524507215308,0.0328099362096611,Thomas,m,7.99322033898305,10.128767595518529,20.85234899328859,13.119138777532545,190.44630872483225,1309.5692648979775,2.2,['fiction'],['unknown']
mdp.39015048902913,"Marshall, Archibald","Marshall, Archibald",1866-1934.,1906.0,1906.0,s,1906,    ,"London;A. Rivers, ltd.;1906.",1906,,,,,PZ3.M3555Ri,9337961.0,enk,630696,1,3.0,3.0,,,"Richard Baldock; | an account of some episodes in his childhood, youth, and early manhood, and of the advice that was freely offered to him, | $c: by Archibald Marshall.",,True,"Richard Baldock; an account of some episodes in his childhood, youth, and early manhood, and of the advice that was freely offered to him",0.0955160507770474,0.0141903758885513,Archibald,m,21.09090909090909,61.72970345162858,31.80314960629921,41.00849401698804,387.244094488189,7798.12152024304,1.4,['fiction'],['fiction and juvenile belles lettres']
hvd.hxg8rg,"McMullan, Mary Anne","McMullan, Mary Anne",,1816.0,1816.0,s,1816,    ,"London;Printed by W. Clowes ... for Messrs. Longman, Hurst, Rees, and Co.; T. Egerton ... and E. Lloyd ...;1816.",1816,,,,,,13320889.0,enk,9707843,1,1.0,1.0,,,"The wanderings of a goldfinch; or, Characteristic sketches in the nineteenth century.",,True,"The wanderings of a goldfinch; or, Characteristic sketches in the nineteenth century",0.0601062469152,0.1575266327168378,Mary,f,5.686980609418282,4.719193376355308,19.0137741046832,24.052151871836315,165.27272727272728,2315.3388429752067,1.8,['unknown'],['unknown']
mdp.39015002151234,"Webster, Wentworth","Webster, Wentworth",1829-1907.,1879.0,1879.0,s,1879,    ,London;Griffith and Farran [etc.;1879.,1879,,,,,,68184120.0,enk,1880586,1,1.0,1.0,,,"Basque legends: | collected, chiefly in the Labourd, | $c: by Rev. Wentworth Webster ... With an essay on the Basque language, by M. Julien Vinson ...",,True,"Basque legends: collected, chiefly in the Labourd",0.5714527353495538,0.2169671570763536,Wentworth,unknown,20.82413793103448,55.24838287752676,35.43624161073826,88.0311697671276,394.01006711409394,8980.835469123014,2.1,['unknown'],['unknown']
uc2.ark+=13960=t9z03906q,"Morley, John","Morley, John",1838-1923.,1871.0,1871.0,s,1871,    ,London;Chapman and Hall;1871.,1871,,,Literature|Social sciences|History and criticism,,PN511.M5 1871,4533367.0,enk,157752,5,5.0,5.0,,,Critical miscellanies,,True,Critical miscellanies,0.9042160950821992,0.0003372954331453,John,m,11.421195652173912,12.27639857041588,34.670212765957444,74.97634676324128,358.2074468085106,5905.031433906745,1.4,['unknown'],['literature (general)']
uc2.ark+=13960=t5z60fh7d,"Wedmore, Frederick","Wedmore, Frederick, Sir",1844-1921.,1894.0,1894.0, ,1894,    ,London;E. Mathews;New York;Scribner's;1894.,1894,,,,,,5005223.0,enk,7683604,1,1.0,1.0,,,English episodes,,True,English episodes,0.442560644953991,0.039249347343317,Frederick,m,17.035398230088497,237.69786200955443,31.6896551724138,193.16230677764568,247.146551724138,13054.900936385257,2.7,['fiction'],['unknown']
uc1.b3327099,"Maxwell, W. H. (William Hamilton)","Maxwell, W. H. (William Hamilton)",1792-1850.,1847.0,1847.0,s,1847,    ,London;R. Bentley;1847.,1847,,,Folklore|Scotland,,PR4989.M45H5 1847,2739596.0,enk,7923038,2,2.0,2.0,v.1,1.0,Hill-side and Border sketches. | With legends of the Cheviots and the Lammermuir. | $c: By W. H. Maxwell.,,True,Hill-side and Border sketches. With legends of the Cheviots and the Lammermuir,0.2832472165373251,0.0549802449625151,William,m,8.18624641833811,9.34926642638402,24.29178470254957,20.965853188774485,213.77903682719543,2382.5064160694656,1.5,['unknown'],['english literature']
nyp.33433068032923,"graf, Tolstoy, Leo","Tolstoy, Leo, graf",1828-1910.,1888.0,1888.0,s,1888,    ,London;W. Scott;1888.,1888,A Russian proprieter.--Lucerne.--Recollections of a scorer.--Albert.--Two hussars.--Three deaths.--A prisoner in the Caucasus.,Mixed,Russian fiction,,,5431431.0,enk,8634081,1,4.0,3.0,,,A Russian proprieter : | and other stories / | $c: by Lyof N. Tolstoĭ ; translated from the Russian by Nathan Haskell Dole.,,True,A Russian proprieter : and other stories,0.2216133453136445,0.0345154794432049,Leo,m,18.41899441340782,91.94176211728724,30.86187845303868,56.08036995207716,317.35911602209944,5916.290925185433,3.3,['fiction'],['unknown']
nyp.33433068188691,"Westall, William","Westall, William",1835-1903.,1877.0,1877.0,s,1877,    ,"London;Griffith and Farran; [etc., etc.;1877.",1877,,,,,,6466495.0,enk,8622386,1,1.0,1.0,,,Tales and legends of Saxony and Lusatia. | $c: By W. Westall. With illustrations by H. W. Petherick.,,True,Tales and legends of Saxony and Lusatia,0.1675197558972233,0.0853296679573912,William,m,13.638176638176638,206.9260639118189,23.674931129476583,74.27449551867284,230.4159779614325,7981.835226798412,2.4,['unknown'],['unknown']
uiuo.ark+=13960=t76t1998v,"Scott, Walter","Scott, Walter, Sir",1771-1832.,1816.0,1816.0,s,1816,    ,Edinburgh;W. Blackwood;London;J. Murray;1816.,1816,,,Scottish authors|Scotland|Jacobites|English fiction|Covenanters,,,2461097.0,stk,2104611,1,16.0,16.0,v.1,1.0,Tales of my landlord,,True,Tales of my landlord,0.069410560356557,0.0025331427860901,Walter,m,6.560773480662983,6.428627026037057,26.01086956521739,27.103142722117205,184.8559782608696,2066.509149043006,1.5,['fiction'],['unknown']
mdp.39015028703083,Eiríkr Magnússon,Eiríkr Magnússon,"1833-1913,",1875.0,1875.0,s,1875,    ,London;Ellis & White;1875.,1875,The story of Gunnlaug the Worm-tongue and Raven the Skald.--The story of Frithiof the Bold.--The story of Viglund the Fair.--The tale of Hogni and Hedinn.--The tale of Roi the Fool.--The tale of Thorstein Staff-smitten.,Translations,Sagas|Translations into English|Old Norse literature,,PZ1.M275T,3254573.0,enk,671140,2,2.0,2.0,,,Three northern love stories : | and other tales / | $c: translated from the Icelandic by Eiríkir Magnússon and William Morris.,,True,Three northern love stories : and other tales,0.0712178941830757,0.9677796438494978,Eirkr,unknown,8.271255060728745,14.869740530085725,25.29803921568628,160.5386236063053,240.75294117647056,10049.652687427912,6.8,['urn:uuid:a0ec1781-b6a1-4c18-99f2-125482856e10'],['fiction and juvenile belles lettres']
uc2.ark+=13960=t3gx4d83s,"Scully, W. C","Scully, W. C. (William Charles)",1855-1943.,1897.0,1897.0,s,1897,    ,London;Methuen;1897.,1897,,,,,,22201611.0,enk,7923221,2,3.0,3.0,,,"The white hecatomb, and other stories",,True,"The white hecatomb, and other stories",0.2959038393521724,0.0114970218896187,William,m,15.551532033426184,306.00779013198223,35.05494505494506,177.44753049148653,258.54395604395603,12563.945870064004,2.7,['fiction'],['unknown']
mdp.39015005544195,"Clouston, W. A (William Alexander)","Clouston, W. A. (William Alexander)",1843-1896.,1888.0,1888.0,s,1888,    ,London;E. Stock;1888.,1888,,,Fools and jesters,,,31180481.0,enk,1881256,2,4.0,4.0,,,"The book of noodles; | stories of simpletons; or, Fools and their follies. | $c: By W. A. Clouston ...",,True,"The book of noodles; stories of simpletons; or, Fools and their follies",0.5358100453097653,0.4687997832365221,William,m,10.655737704918034,50.90607363611933,29.076612903225808,69.4659046566077,267.77016129032256,4671.080238683664,17.2,['unknown'],['unknown']
uc2.ark+=13960=t4zg6mm7k,"Linton, E. Lynn","Linton, E. Lynn (Elizabeth Lynn)",1822-1898.,1880.0,1880.0,s,1880,    ,London;Chatto & Windus;1880.,1880,,,,,,13299863.0,enk,7690181,1,1.0,1.0,v.1,1.0,With a silken thread and other stories,,True,With a silken thread and other stories,0.2490661640030362,0.0759414645726094,Elizabeth,f,11.840989399293289,27.99238347338586,30.17770034843205,45.70012990324029,267.602787456446,4240.455462613362,1.5,['fiction'],['unknown']
uiuo.ark+=13960=t41r79s6c,"Liardet, Frederick","Liardet, Frederick",,1844.0,1844.0,s,1844,    ,London;Chapman and Hall;1844.,1844,,,Legal stories,,,17342636.0,enk,8723665,1,1.0,1.0,v.2,2.0,Tales by a barrister,The purchase. The trustee,True,The purchase. The trustee,0.0775196025247585,0.0214127127920789,Frederick,m,8.014204545454545,10.582184594524795,28.183098591549296,26.290418567744496,226.27605633802816,2251.4505534616146,1.3,['fiction'],['unknown']
mdp.39015065597067,"Trollope, Anthony","Trollope, Anthony",1815-1882.,1889.0,1882.0,m,1889,1894,London;Chapman and Hall;1891-,1891,Vols. 1-2 The warden and Barchester towers.-v. 3. Doctor Thorne.-v. 4 Framley parsonage.-v. 5-6. The small house at Allington.-v. 7-8. The last chronicle of Barset.,,"Gentry|Fathers and daughters|Church of England|Barsetshire (England : Imaginary place)|Man-woman relationships|19th century|1815-1882|Clergy|England|Religion|History|Trollope, Anthony|Social life and customs",,PR5684.C57 1889,12867826.0,enk,5273270,1,21.33333333333333,12.333333333333336,v.3 1893,3.0,The chronicles of Barsetshire / | $c: by Anthony Trollope.,Doctor Thorne,True,Doctor Thorne,0.0854573540471192,0.0538578739945918,Anthony,m,27.997752808988764,60.64493877035729,44.42984409799555,41.113675031373845,587.3563474387528,10226.683706926058,2.0,['fiction'],['english literature']
uiuo.ark+=13960=t2w38cp5d,"Opie, Amelia Alderson","Opie, Amelia Alderson",1769-1853.,1806.0,1806.0,s,1806,    ,"London;Printed for Longman, Hurst, Rees, and Orme;1806.",1806,,,,,,3578734.0,enk,324304,2,2.0,2.0,v.4,4.0,Simple tales,The uncle and nephew.  Murder will out.  The orphan,True,The uncle and nephew.  Murder will out.  The orphan,0.1605043913464896,0.0147452995050469,Amelia,f,5.880281690140845,6.19693513191827,26.04810996563574,18.99424900508969,182.07903780068727,1202.4920348130042,1.0,['unknown'],['unknown']
mdp.39015063550589,"Edgeworth, Maria","Edgeworth, Maria",1767-1849.,1886.0,1849.0,s,1886,    ,London;George Routledge;1886.,1886,,,,,,64795902.0,enk,124014,1,2.0,2.0,,,"Stories of Ireland: | Castle Rackrent, The absentee, with an introd. by Henry Morley.",,False,"Stories of Ireland: Castle Rackrent, The absentee, with an introd. by Henry Morley",0.0774510485118609,0.0552603540712272,Maria,f,22.317857142857143,56.71682397959183,46.30035335689046,31.538763126022296,575.1236749116608,7239.338061406685,2.2,['fiction'],['unknown']
inu.39000005797753,"Curtin, Jeremiah","Curtin, Jeremiah",1835-1906.,1895.0,1895.0,s,1895,    ,London;D. Nutt;1895.,1895,,,(OCoLC)fst00942396|(OCoLC)fst00930306|Fairies|Ghosts|Ireland|Tales|(OCoLC)fst01205427|Folklore|Munster|Fairy tales|Ghost stories|(OCoLC)fst00919916,Ireland,,4788381.0,enk,6935440,1,2.0,2.0,,,"Tales of the fairies and of the ghost world, | collected from the oral tradition in South-west Munster.",,True,"Tales of the fairies and of the ghost world, collected from the oral tradition in South-west Munster",0.7805122605915568,0.0087011863802746,Jeremiah,m,29.52884615384616,67.59532174556213,56.37272727272728,197.92471074380168,562.0818181818182,23504.12966942149,2.3,['unknown'],['unknown']
uiuo.ark+=13960=t5v69r81k,"Chorley, Henry Fothergill","Chorley, Henry Fothergill",1808-1872.,1834.0,1834.0,s,1834,    ,London;R. Bentley;1834.,1834,,,English fiction,,,21096122.0,enk,8723282,1,2.0,2.0,v.1,1.0,Sketches of a sea port town,,True,Sketches of a sea port town,0.1452268479509344,0.0183408100865912,Henry,m,8.340116279069768,15.887227893455924,27.77011494252873,18.556348262650285,216.8534482758621,1877.8089823622668,1.7,['fiction'],['unknown']
uc2.ark+=13960=t1fj2c31r,"Moss, C","Moss, C",,1843.0,1843.0, ,1843,    ,London;Miller & Field;1843.,1843,,,,,,27017835.0,enk,7690960,1,1.0,1.0,v.1,1.0,Tales of Jewish history,,True,Tales of Jewish history,0.1065477893216223,0.0509375951797468,C,unknown,8.49,8.3699,28.099009900990097,40.34003202300429,223.64686468646863,3419.192127133505,2.4,['unknown'],['unknown']
uc2.ark+=13960=t09w0ct58,"Wratislaw, Albert Henry","Wratislaw, Albert Henry",1822-1892.,1889.0,1889.0,s,1889,    ,London;E. Stock;1889.,1889,,Folklore,"(OCoLC)fst01120771|Translations from Slavic|England|Europe, Eastern|Tales|Folklore|Tales, Slavic|Slavic countries|(OCoLC)fst01245079|Translations into English|(OCoLC)fst01142246|Slavs",,,2173499.0,enk,6522961,2,6.0,3.0,,,Sixty folk-tales from exclusively Slavonic sources,,True,Sixty folk-tales from exclusively Slavonic sources,0.4622678533003548,0.4241859581468471,Albert,m,19.747663551401867,45.1855475005095,36.37888198757764,28.56452297365071,406.7888198757764,6554.719378110412,2.2,['unknown'],['unknown']
nyp.33433075753404,"Street, G. S. (George Slythe)","Street, G. S. (George Slythe)",1867-1936.,1895.0,1895.0,s,1895,    ,London;W. Heinemann;1895.,1895,,,,,,8572376.0,enk,162253,3,4.0,4.0,,,"Episodes, | $c: by G.S. Street.",,True,Episodes,0.4454717730000087,0.0038976023535835,George,m,14.043859649122806,153.62088334872269,23.826839826839823,282.99166057607613,207.3506493506493,7957.379209535055,2.8,['unknown'],['unknown']
uc2.ark+=13960=t4vh5g65m,"Edgeworth, Maria","Edgeworth, Maria",1767-1849.,1832.0,1832.0,m,1832,1833,"London;Printed for Baldwin and Cradock, J. Murray [etc.;Liverpool;G. and J. Robinson;1832-33.",1832-1833,,,,,,11831341.0,enk,6057868,1,3.0,3.0,v.06,6.0,Tales and novels,Ennui. The dun,True,Ennui. The dun,0.1067842702414441,0.1406283810445625,Maria,f,11.525073746312684,16.426362457688324,34.78654970760234,23.33163195513149,312.13157894736844,2645.248768851954,1.7,['unknown'],['unknown']
nyp.33433074902606,"MacWalter, J. G","MacWalter, J. G",,1854.0,1854.0,s,1854,    ,London;John Farquhar Shaw;1854.,1854,"Betty Brien's fortune.--The Terry Alt.--A memoir of Mortimer Mack-Harty, Esq.",,,,,5282849.0,enk,8666734,1,1.0,1.0,,,Tales of Ireland and the Irish.,,True,Tales of Ireland and the Irish,0.1542639968998221,0.1338525133569829,J,unknown,11.931174089068826,74.20174072677801,24.67063492063492,32.26056626354246,234.1706349206349,4523.490724993701,2.2,['unknown'],['unknown']
wu.89097490890,"Gould, Frederick James","Gould, Frederick James",1855-1938.,1906.0,1906.0,s,1906,    ,London;S. Sonnenschein & Co.;1906.,1906,,,Storytelling|Children's literature|Moral education,,,2325718.0,enk,6907968,1,1.0,1.0,,,"Life and manners. | A volume of stories suitable for the moral instruction of children, | $c: by F.J. Gould. Issued for the moral instruction league.",,True,Life and manners. A volume of stories suitable for the moral instruction of children,0.507887006960291,0.9983564322435337,Frederick,m,17.24137931034483,41.57391993658344,28.13714285714286,51.42119183673469,268.5114285714285,6004.821297959184,2.9,['unknown'],['unknown']
mdp.39015011236208,A. L. O. E,A. L. O. E,1821-1893.,1876.0,1876.0,s,1876,    ,London;T. Nelson;1876,1876,,,,,,10089065.0,enk,1775662,1,1.0,1.0,,,"A wreath of Indian stories, | $c: by A.L.O.E.",,True,A wreath of Indian stories,0.1201621780476395,0.5380638285946571,A,unknown,12.639423076923077,10.797868897928996,26.223809523809525,19.02133786848072,266.7047619047619,2749.8461678004537,2.6,['unknown'],['unknown']
njp.32101068598083,"Fielding, Henry","Fielding, Henry",1707-1754. ,1898.0,1754.0,m,1898,1899,Westminster;A. Constable and co.;1898-99.,1898-1899,"v.1-2. The adventures of Joseph Andrews and his friend Mr. Abraham Adams.-v.3-6. The history of Tom Jones, a foundling.-v.7-9. Amelia.-v.10. The life of Mr. Jonathan wild, the great.-v.11-12. Miscellanies.",,,,,2634846.0,enk,8883793,1,2.0,2.0,v.11,11.0,The works of Henry Fielding with an introduction \ | $c: by Edmund Gosse ...,Miscellanies,False,Miscellanies,0.5362568757558401,0.1741579212071398,Henry,m,9.488833746898264,34.324317002136574,29.73955773955774,28.68401258081848,265.2039312039312,3239.135316240968,1.8,['unknown'],['unknown']
mdp.39015033170104,"Gaskell, Elizabeth Cleghorn","Gaskell, Elizabeth Cleghorn",1810-1865.,1902.0,1865.0,s,1902,    ,"London;Smith, Elder, & co.;1902.",1902,A new ed.|Mary Barton.--Cousin Phillis.--My French master.--The old nurse's story.--Bessy's troubles at home.--Christmas storms and sunshine.,,,,,20081843.0,enk,1419887,1,4.0,3.0,,,"Mary Barton and other tales, | $c: by Mrs. Gaskell.",,False,Mary Barton and other tales,0.1496397958029293,0.0525961116172199,Elizabeth,f,27.066810344827587,105.40717430885852,48.18763326226013,71.58952723437336,606.7569296375267,11627.74475475198,2.7,['unknown'],['unknown']
mdp.39015060438713,"Higginson, Thomas Wentworth","Higginson, Thomas Wentworth",1823-1911.,1898.0,1898.0,s,1898,    ,London;Macmillan company;New York;The Macmillan company;1898.,1898,,,Geographical myths|Legends,,,1443670.0,enk,116216,1,4.0,4.0,,,"Tales of the enchanted islands of the Atlantic, | $c: by Thomas Wentworth Higginson, with illustrations by Albert Herter.",,True,Tales of the enchanted islands of the Atlantic,0.0,0.0,Thomas,m,7.815884476534296,10.72061410939801,22.36805555555556,44.30897955246913,210.25694444444449,5051.760368441358,0.4,['unknown'],['unknown']
uiuo.ark+=13960=t96692w8z,"Opie, Amelia Alderson","Opie, Amelia Alderson",1769-1853.,1806.0,1806.0,s,1806,    ,"London;Printed for Longman, Hurst, Rees, and Orme;1806.",1806,,,,,,3578734.0,enk,324304,2,2.0,2.0,v.3,3.0,Simple tales,The soldier's return.  The brother and sister.  The revenge,True,The soldier's return.  The brother and sister.  The revenge,0.0,0.0,Amelia,f,6.617283950617284,8.112787684804145,26.83128834355828,16.164787910723025,188.1871165644172,822.7778708269035,1.8,['unknown'],['unknown']
inu.30000108973110,"Leney, I. H","Leney, I. H",,1890.0,1890.0,s,1890,    ,London;E. Stock;1890.,1890,,,,,,649746.0,enk,6945912,2,2.0,2.0,,,"Shadowland in Ellan Vannin; | or, Folk tales of the Isle of Man.",,True,"Shadowland in Ellan Vannin; or, Folk tales of the Isle of Man",0.155485102452233,0.0194231110761711,I,unknown,11.393103448275864,24.928228299643283,26.07843137254902,47.01345636293733,274.7712418300654,7476.30714682387,2.1,['unknown'],['unknown']
njp.32101067629947,"Mrs. Bray, (Anna Eliza)","Bray, (Anna Eliza), Mrs",1790-1883.,1826.0,1826.0,s,1826,    ,"London;Longman, Reese, Orme, Brown and Green;1826.",1826,,,,,PR4161.B57D4 1826,13313566.0,enk,8719236,2,2.0,2.0,v.2,2.0,"De Foix; or, Sketches of the manners and customs of the fourteenth century. | An historical romance.",,True,"De Foix; or, Sketches of the manners and customs of the fourteenth century. An historical romance",0.0,0.0,Anna,f,6.858131487889273,7.547347373714395,23.273972602739725,13.90439106774254,216.1917808219178,1711.0591105273036,2.8,['unknown'],['english literature']
uc2.ark+=13960=t6930px2m,"Harte, Bret","Harte, Bret",1836-1902.,1878.0,1878.0,s,1878,    ,"London;Ward, Lock and Co.;1878",1878,,,,,,,enk,4714693,1,1.0,1.0,,,"The hoodlum band, and other stories",,True,"The hoodlum band, and other stories",0.2296083337828111,0.0389124673347309,Bret,m,20.49473684210526,293.5868144044321,44.67875647668394,659.8553518215255,384.1139896373057,8862.702032269322,3.3,['fiction'],['unknown']
mdp.39015021269652,"Sir, Scott, Walter","Scott, Walter, Sir",1771-1832.,1907.0,1832.0,s,1907,    ,London;J.M. Dent & co.;New York;E.P. Dutton & co.;1907,1907,The betrothed. -- Chrystal Croftangry. -- Highland widow. -- Two drovers. -- My Aunt Margaret's mirror. -- The tapestried chamber. -- Death of the Laird's Jock.,,"Third, 1189-1192|Crusades",,,7932323.0,enk,122710,1,1.0,1.0,,,"The betrothed, The highland widow, and other tales, | $c: by Sir Walter Scott, bart.",,False,"The betrothed, The highland widow, and other tales",0.1404647254391645,0.0157931544850187,Walter,m,15.125423728813558,44.584268888250506,42.122895622895626,47.865368046344486,488.3299663299664,7326.227822557789,16.1,['urn:uuid:794e5721-925d-4cc8-bc6e-6f33564c42b7'],['english literature']
mdp.39015030741618,"Patmore, P. G. (Peter George)","Patmore, P. G. (Peter George)",1786-1855.,1854.0,1854.0,s,1854,    ,London;Saunders and Otley;1854.,1854,v. 1. Charles Lamb. Thomas Campbell. The Countess of Blessington. R. Plumer Ward. - v. 2. R. Plumer Ward (cont.) Horace and James Smith. William Hazlitt. - v. 3. William Hazlitt (cont.) Laman Blanchard. Richard Brinsley Sheridan and Thomas Sheridan.,,"Authors, English",,PR452.P3,1179029.0,enk,160912,1,1.0,1.0,v.1,1.0,"My friends and acquaintance: | being memorials, mind-portraits, and personal recollections of deceased celebrities of the nineteenth century: with selections from their unpublished letters. | $c: By P. G. Patmore.",Charles Lamb. Thomas Campbell. The Countess of Blessington. R. Plumer Ward,True,Charles Lamb. Thomas Campbell. The Countess of Blessington. R. Plumer Ward,0.7013748790484607,0.0020097681753214,Peter,m,6.052631578947368,10.964335180055402,23.937694704049843,38.35748876660747,200.8816199376947,3704.2788210518142,0.9,['unknown'],['english literature']
mdp.39015031968277,"Sullivan, James Frank","Sullivan, James Frank",1853-1936.,1878.0,1878.0,r,1878,    ,"London;""Fun"" office;1878.",1878,,,Caricatures and cartoons|England,,,11847294.0,enk,1983200,1,1.0,1.0,,,"The British working man by one who does not believe in him, and other sketches, | $c: by J.F. Sullivan. Engraved by Dalziel brothers.",,True,"The British working man by one who does not believe in him, and other sketches",0.5874048598765665,0.0660476956972568,James,m,8.880184331797235,13.773662638832846,13.56768558951965,72.14934879197575,126.528384279476,4911.05268778246,0.9,['fiction'],['unknown']
nyp.33433075762405,"Ellis, A. B. (Alfred Burdon)","Ellis, A. B. (Alfred Burdon)",1852-1894.,1887.0,1887.0,s,1887,    ,"London;Chapman and Hall, Limited;1887.",1887,,,Description and travel,South Africa,,18282488.0,enk,8664945,1,1.0,1.0,,,South African sketches / | $c: by A.B. Ellis.,,True,South African sketches,0.5219765681602709,0.0171798343457821,Alfred,m,9.125,15.276041666666666,25.341911764705884,32.33530222750864,218.99632352941177,3228.8860158953285,0.5,['unknown'],['unknown']
mdp.39076002242191,"Sir, Dasent, George Webbe","Dasent, George Webbe, Sir",1817-1896.,1900.0,1896.0,m,1900,1995,London|New York|Thomas Nelson and Sons|19--?,"<estimate=""[19--?]"">",,,Folklore|Norway|Juvenile literature|Fairy tales,,,32334570.0,enk,9926509,1,2.0,2.0,,,Tales from the Norse / | $c: by Sir George Dasent ; illustrated by Helen Monro.,,True,Tales from the Norse,0.2143058060680471,0.9541552050150744,George,m,11.930232558139537,38.556594298076185,30.045454545454547,61.04988193624557,323.72727272727275,11418.419126328215,2.5,['unknown'],['unknown']
uva.x030751005,"Russell, William Clark","Russell, William Clark",1844-1911.,1889.0,1889.0,s,1889,    ,London;Chatto and Windus;1889.,1889,,,Sailors,,PZ3.R919Rr,35998955.0,enk,9775954,1,2.0,2.0,,,"The romance of Jenny Harlowe, and sketches of maritime life,",,True,"The romance of Jenny Harlowe, and sketches of maritime life",0.3528078305283025,0.0070644091110686,William,m,20.2004662004662,878.435337777995,38.82598607888631,590.426795721384,384.3596287703016,19506.36486668353,3.1,['unknown'],['fiction and juvenile belles lettres']
uc2.ark+=13960=t1sf2p57b,"Balzac, Honor?? de","Balzac, Honoré de",,1899.0,1899.0, ,1899,    ,London;Printed for subscribers only;1899.,1899,,,,,,82723473.0,enk,7678113,1,8.5,2.0,,,Droll Stories,,True,Droll Stories,0.1724806197918068,0.0372562034900251,Honor,f,13.614457831325302,30.345333139788067,38.59882005899705,78.07504285552685,380.4424778761062,8526.883859346855,1.9,['unknown'],['unknown']
uc2.ark+=13960=t3319vh49,"Feuerbach, Paul Johann Anselm","Feuerbach, Paul Johann Anselm",,1846.0,1846.0,s,1846,    ,London;J. Murray;1846.,1846,,,Germany|Trials (Murder)|Trials|Homicide,,LAW <Collected Trials (A & E)>,4904258.0,enk,1120339,1,2.0,2.0,,,Narratives of remarkable criminal trials,,True,Narratives of remarkable criminal trials,0.8457937079107603,0.0480202222893482,Paul,m,15.57682619647355,678.5312513879284,41.34586466165413,1057.8803776358186,351.8421052631579,29623.315921382407,4.6,['unknown'],['unknown']
mdp.39015062236297,"Hutchinson, W. M. L. (Winifred Margaret Lambart)","Hutchinson, W. M. L. (Winifred Margaret Lambart)",b. 1868.,1912.0,1912.0,s,1912,    ,London;E.P. Dutton;1912,1912,v. 1. Myths of the gods.--v. 2. Myths of the heroes.--v. 3. Legends of Thebes.,,"Mythology, Greek",,BL781.H87,3502180.0,enk,1392474,1,1.0,1.0,,,"The muses' pageant: | myths and legends of ancient Greece, | $c: retold by W. M. L. Hutchinson.",,True,The muses' pageant: myths and legends of ancient Greece,0.1492876056632216,0.3747219273690634,Winifred,f,12.4375,11.610677083333334,30.236453201970445,33.00812929214492,307.7733990147783,6177.111213569851,1.6,['unknown'],['unknown']
dul1.ark+=13960=t1sf3285n,"Allen, Grant","Allen, Grant",1848-1899.,1899.0,1899.0,s,1899,    ,London;G. Richards;1899.,1899,,,,,PZ3.A425Tw,6078949.0,enk,10943785,1,1.0,1.0,,,Twelve tales;,,True,Twelve tales;,0.117131801321935,0.0277977934947766,Grant,m,17.93558282208589,47.3608811020362,39.76219512195122,53.65686347412254,381.2042682926829,6622.266201293873,2.7,['fiction'],['fiction and juvenile belles lettres']
uiuo.ark+=13960=t50g41v61,"Fuller, J. F","Fuller, J. F",,1892.0,1892.0,s,1892,    ,Edinburgh;W. Blackwood;1892.,1892,,,,,,5508513.0,stk,8718840,1,1.0,1.0,v.1,1.0,Chronicles of Westerly,,True,Chronicles of Westerly,0.1534400300287257,0.0030958499131131,J,unknown,9.030075187969924,24.84120074622647,25.725925925925925,33.91747599451304,184.05185185185184,3263.2417558299035,1.8,['fiction'],['unknown']
nyp.33433076076573,"Corp, Harriet","Corp, Harriet",,1814.0,1814.0,s,1814,    ,"London;Printed for the author annd sold by Gale, Curtis, and Fenner;1814.",1814,,,,,,11856462.0,enk,8661864,1,1.0,1.0,,,"Familiar scenes, histories, and reflections. | $c: By the author of Cottage sketches, Antidote to the miseries of human life, &c.",,True,"Familiar scenes, histories, and reflections",0.3206809696671979,0.4568750045529424,Harriet,f,8.76878612716763,15.36850546292893,26.05464480874317,70.67460957329271,251.3224043715847,8532.109170175281,0.4,['unknown'],['unknown']
uiuo.ark+=13960=t8jd5g779,"Maunsell, Thomasine","Maunsell, Thomasine",,1873.0,1873.0,s,1873,    ,London;Tinsley Bros.;1873.,1873,,,,,,220831426.0,enk,8720965,1,1.0,1.0,v.1,1.0,Legends of the Jacobite wars,,True,Legends of the Jacobite wars,0.0187626848775366,0.0171290691749266,Thomasine,f,9.597173144876326,12.184020277441345,27.335689045936395,31.43148247574574,194.2402826855124,1963.0730062805128,2.1,['fiction'],['unknown']
uc1.b3546903,"Mrs. Jameson, (Anna)","Jameson, (Anna), Mrs",1794-1860.,1834.0,1834.0,s,1834,    ,London;Saunders and Otley;1834.,1834,,,Italy|Germany|Art|Description and travel,Germany|Italy,,5531549.0,enk,6128971,1,1.0,1.0,v.3,3.0,"Visits and sketches at home and abroad; | with tales and miscellanies now first collected, and a new edition of the ""Diary of an ennuyee.""",,True,"Visits and sketches at home and abroad; with tales and miscellanies now first collected, and a new edition of the ""Diary of an ennuyee.""",0.7949995152434681,0.0064512636927476,Anna,f,7.936241610738255,11.401975136255125,22.6504854368932,35.24353536305653,203.4822006472492,3285.511819105372,1.3,['unknown'],['unknown']
nyp.33433076095037,"Sterne, Laurence","Sterne, Laurence",1713-1768.,1810.0,1768.0,s,1810,    ,London;Printed for J. Sharpe;1810.,1810,,,English literature,,,26298671.0,enk,8660696,1,1.0,1.0,,,"The beauties of Sterne; | containing all his pathetic tales, his humorous descriptions, his most distinguished observations on life, and a copious selection from his sermons ...",,False,"The beauties of Sterne; containing all his pathetic tales, his humorous descriptions, his most distinguished observations on life, and a copious selection from his sermons",0.6046748479824843,0.3296666072598652,Laurence,f,10.285714285714286,38.59236002093145,31.465454545454545,26.845170247933886,311.1963636363636,3983.888714049587,2.7,['unknown'],['unknown']
uiuo.ark+=13960=t3rv15x6h,"Edgeworth, Maria","Edgeworth, Maria",1767-1849.,1810.0,1810.0,s,1810,    ,London;Printed for Henry Colburn;1810.,1810,,,,,PZ3.E23Tc,11221375.0,enk,8723678,1,1.0,1.0,v.1,1.0,Tales of real life,,True,Tales of real life,0.5360346660872707,0.3781916844028321,Maria,f,10.732673267326732,10.61170473482992,35.09313725490196,18.368776432141487,286.0686274509804,2516.86783929258,1.9,['fiction'],['fiction and juvenile belles lettres']
mdp.39015065444443,"St. Leger, Barry","St. Leger, Barry",1799-1829.,1829.0,1829.0,s,1829,    ,London;H. Colburn;1829.,1829,"[1st ed.]|I. Lord Lovel's daughter.  The Bohemian.--II. The Bohemian, continued.  Second love.--III. Second love, continued.",,,,,2043315.0,enk,206911,2,2.0,2.0,v.1,1.0,"Tales of passion ... | $c: By the author of ""Gilbert Earle"" ... | $n: 1",Lord Lovel's daughter.  The Bohemian,True,Lord Lovel's daughter.  The Bohemian,0.0810279322135861,0.0022605479712912,Barry,m,8.233438485804417,11.036989123187611,23.229813664596275,30.3074341267698,214.43478260869568,2482.736429921685,1.2,['unknown'],['english literature']
uc2.ark+=13960=t85h7d07q,"Betham-Edwards, Matilda","Betham-Edwards, Matilda",1836-1919.,1880.0,1880.0,s,1880,    ,London;Griffith & Farran;New York;E.P. Dutton;1880?,1880,,,Wales|Description and travel,,,11325791.0,enk,7653265,1,1.0,1.0,,,"Holidays among the mountains, or, Scenes and stories of Wales",,True,"Holidays among the mountains, or, Scenes and stories of Wales",0.2417936368558913,0.9543931750170466,Matilda,f,14.939759036144578,57.59878066482798,37.26315789473684,50.74361341951371,290.3391812865497,4591.510687049007,2.5,['unknown'],['unknown']
uc2.ark+=13960=t0ht2hz9k,,,,1871.0,1871.0, ,1871,    ,London;Strahan;1871.,1871,,,,,,62581638.0,enk,7687692,1,1.0,1.0,v.001,1.0,Episodes in an obscure life,,True,Episodes in an obscure life,0.2125900351725373,0.1157363695166506,,unknown,7.600719424460432,7.434100201852907,23.359430604982208,13.4330872202733,186.2526690391459,1869.32761743139,2.7,['unknown'],['unknown']
njp.32101073397513,,,,1858.0,1858.0,s,1858,    ,London;Knight;1858,1858,,,,,,13272984.0,enk,9015075,1,1.0,1.0,,,"Recollections of Mrs. Hester Taffetas, court milliner and modiste during the reign of King George the Third and his consort Queen Charlotte. | $c: Edited by her grandaughter.",,True,"Recollections of Mrs. Hester Taffetas, court milliner and modiste during the reign of King George the Third and his consort Queen Charlotte",0.10385868743508,0.0156994890634435,,unknown,10.590759075907592,20.14275288915029,28.06514657980456,36.77100022281404,263.5732899022801,4350.817918492504,1.4,['unknown'],['unknown']
nyp.33433075865943,"Roscoe, Thomas","Roscoe, Thomas",1791-1871.,1832.0,1832.0,s,1832,    ,"London;R. Bentley, late Colburn and Bentley;1832.",1832,v. 1. Don Juan Manuel. Mendoza. Mateo Aleman. Miguel de Cervantes Saavedra.--v. 2. Don Francisco de Quevedo Villegas. Doctor Don Juan Perez de Montalvan. Antonio de Eslava. Donna Maria de Zayas i Soto Mayor.--v. 3. Matias de los Reyes. Don Christoval Lozano. Luis Veliz de Guavara. Isidro de Robles. Alonzo del Castillo Salorzano.,,Spanish fiction,,PZ1.R714S,8327346.0,enk,1048131,4,4.0,4.0,. 1,1.0,"The Spanish novelists: | a series of tales, from the earliest period to the close of the seventeenth century. | $c: Tr. from the originals, with critical and biographical notices. By Thomas Roscoe ...",Don Juan Manuel. Mendoza. Mateo Aleman. Miguel de Cervantes Saavedra,True,Don Juan Manuel. Mendoza. Mateo Aleman. Miguel de Cervantes Saavedra,0.396809371395325,0.021275168206567,Thomas,m,7.939890710382514,6.881632774941026,26.67724867724868,27.27149295932365,270.54761904761904,4519.337679516251,0.3,['unknown'],['fiction and juvenile belles lettres']
uc2.ark+=13960=t8w95630w,"Bell, Frederick","Bell, Frederick",,1881.0,1881.0,s,1881,    ,London;Kent;1881.,1881,,,,,,13273826.0,enk,7685631,1,1.0,1.0,,,"Midnight scenes in the slums of New York: or, Lights and shadows",,True,"Midnight scenes in the slums of New York: or, Lights and shadows",0.4503626504825714,0.1891916582998272,Frederick,m,8.301204819277109,9.567910194996855,27.901574803149607,40.29346208692418,209.5472440944881,2866.491862483725,1.8,['unknown'],['unknown']
nyp.33433068186984,"Grattan, Thomas Colley","Grattan, Thomas Colley",1792-1864.,1832.0,1832.0,s,1832,    ,London;H. Colburn and R. Bentley;1832.,1832,v. 1. The forfeit hand.  The orphan of Cambray.  The curse of the Black Lady.--v. 2. The curse of the Black Lady. (cont.).  The three foretellings.  A year of joy.  The lady of the cold kisses.  The double doubt. --v. 3. The double doubt. (cont.).  The tragedy of the Truenfels.  The prisoner of the Pfalz.  Countess Kunigund.  Heidelberg Castle and its legends.  The legend of the wolf's brun.  The legend of Ruprecht's building.,,Rhine River Valley|Germany|Rhineland|Folklore|Belgium|Netherlands,,,4988157.0,enk,6810636,2,2.0,2.0,v. 3,3.0,"Legends of the Rhine and of the Low Countries; | $c: by the author of ""Highways and by-ways"", etc.",The double doubt. (cont.).  The tragedy of the Truenfels.  The prisoner of the Pfalz.  Countess Kunigund.  Heidelberg Castle and its legends.  The legend of the wolf's brun.  The legend of Ruprecht's building,True,The double doubt. (cont.).  The tragedy of the Truenfels.  The prisoner of the Pfalz.  Countess Kunigund.  Heidelberg Castle and its legends.  The legend of the wolf's brun.  The legend of Ruprecht's building,0.0367779211620989,0.0341567395835055,Thomas,m,8.053370786516854,6.089848188360055,23.710027100271,29.00263658463143,207.55013550135504,2686.567269629336,1.2,['unknown'],['unknown']
njp.32101028206660,,,,1806.0,1806.0,s,1806,    ,"London;Printed and published by and for John Hunt & Carew Reynell, in Brydges Street, Strand;1806.",1806,v.l Mackenzie - Goldsmith - Brooke - v. 2 Voltaire - v. 3 Johnson - Marmontel - v. 4 Marmontel - Hawkesworth - v. 5 Hawkesworth - Sterne.,,,,,8876942.0,enk,8887693,1,1.0,1.0,v.5,5.0,Classic tales : | serious and lively / | $c: with critical essays on the merits and reputation of the authors by [Leigh Hunt],Hawkesworth - Sterne,True,Hawkesworth - Sterne,0.1883755083471474,0.0209708084734899,,unknown,8.120743034055728,7.0225728225133945,32.88073394495413,29.38332912493336,310.7461773700306,4082.482974684137,2.4,['unknown'],['unknown']
mdp.39015059392251,"Davidson, John","Davidson, John",1857-1909.,1896.0,1896.0,s,1896,    ,"London;Ward and Downey, limited;1896.",1896,The pilgrimage of Strongsoul.--The Glasgow ghosts.--The schoolboy's tragedy.--Eagle's shadow.--The salvation of nature.,,,,,4345284.0,enk,118552,2,2.0,2.0,,,"The pilgrimage of Strongsoul, | and other stories, | $c: by John Davidson.",,True,"The pilgrimage of Strongsoul, and other stories",0.0920757826173082,0.2860166361034663,John,m,10.77007299270073,14.826695615110022,24.093525179856115,17.286217069509863,195.1762589928057,1667.7423140624192,1.7,['fiction'],['unknown']
njp.32101067172963,"Scott, Walter","Scott, Walter, Sir",1771-1832.,1819.0,1819.0,s,1819,    ,Edinburgh;Printed for Archibald Constable and co.;1819.,1819,"v. 1. Waverley.--v. 2. Waverley, Guy Mannering.--v. 3. Guy Mannering.--v. 4. Antiquary.--v. 5. Antiquary, Rob Roy.--v. 6. Rob Roy.--v. 7. Tales of my landlord.--v. 8. Tales of my landlord.--v. 9. Tales of my landlord. 2d series.--v. 10. Tales of my landlord.--v. 11. Tales of my landlord. 3d series.--v. 12. Tales of my landlord.",,English fiction,,,3086729.0,stk,8956120,1,9.0,1.0,v.1,1.0,Novels and tales of the author of Waverley.,Waverley,True,Waverley,0.0,0.0,Walter,m,7.224952741020794,5.592118381509501,26.53358208955224,35.78618567609713,245.1716417910448,3711.123524170194,1.5,['fiction'],['unknown']
inu.30000000839591,"Marsh-Caldwell, Anne","Marsh-Caldwell, Anne",1791-1874.,1852.0,1852.0,s,1852,    ,London;Simms and M'Intyre;1852.,1852,,,,,,23172979.0,enk,6059234,1,1.0,1.0,,,"The Wilmingtons : | a novel / | $c: by the author of ""Two old men's tales"", ""Emilia Wyndham"" etc.",,True,The Wilmingtons : a novel,0.0503602318815995,0.0346550781520285,Anne,f,21.217391304347824,66.94730623818525,42.51752021563343,52.373682260373,476.3598382749326,8528.222268437457,2.5,['fiction'],['unknown']
uc2.ark+=13960=t12n51x90,"Harvey, T. Edmund","Harvey, T. Edmund",,1905.0,1905.0,s,1905,    ,London;J.M. Dent;1905.,1905,,,,,,13402297.0,enk,7661855,1,1.0,1.0,,,Poor Raoul & other fables,,True,Poor Raoul & other fables,0.1829171284367468,0.8730055144400112,T,unknown,7.194444444444445,10.267746913580249,23.226666666666667,55.13528888888889,181.0,6006.56,2.0,['fiction'],['unknown']
nnc1.1002140578,"Harte, Bret","Harte, Bret",1836-1902.,1890.0,1890.0,q,1890,1899,London;Walter Scott;189-?,"<estimate=""[189-?]"">",,,,,,1446310.0,enk,8404561,1,1.0,1.0,,,"Tales ,Poems, and sketches.",,True,"Tales ,Poems, and sketches",0.3501460549465309,0.0245958984043983,Bret,m,17.081632653061224,150.33007080383177,33.12068965517241,107.29331578053338,347.83004926108373,10873.633678322696,1.3,['unknown'],['unknown']
uc1.b3660719,"Lady, Stuart, Louisa","Stuart, Louisa, Lady",1757-1851.,1899.0,1851.0,s,1899,    ,Edinburgh;D. Douglas;1899.,1899,"Some account of John, duke of Argyll, and his family.--Notes to The fairies' frolic.--Notes to The diamond robe.--History of The fortunate youth.--Unpublished letters of Sir Walter Scott and Lady Louisa Stuart.--Lady Louisa Stuart to Mrs. Lockhart.--Lady Louisa Stuart to Lady Montagu.--Appendix I. The fairies' frolic.--Appendix II. The diamond robe, or The mania.",,"Lady|Stuart, Louisa|1757-1851",,,11770538.0,stk,6636203,3,3.0,3.0,,,"Lady Louisa Stuart; | selections from her manuscripts, | $c: ed. by Hon. James A. Home.",,False,Lady Louisa Stuart; selections from her manuscripts,0.2699682320192149,0.0188734186661033,Louisa,f,10.169871794871796,13.839733316896778,29.730407523510973,57.54487475555467,305.74294670846393,7070.16589852694,1.8,['unknown'],['unknown']
mdp.39015063948056,"Moncrieff, A. R. Hope (Ascott Robert Hope)","Moncrieff, A. R. Hope (Ascott Robert Hope)",1846-1927.,1893.0,1893.0,s,1893,    ,London;A. & C. Black;1893.,1893,,,,,,65990381.0,enk,241784,1,1.0,1.0,,,"Cap and gown comedy, | a schoolmaster's stories.",,True,"Cap and gown comedy, a schoolmaster's stories",0.0847258374251226,0.2481799654998771,Ascott,unknown,11.613372093023257,11.847611884802594,31.385057471264368,21.610351433478662,296.2557471264368,2335.770800303871,1.8,['fiction'],['unknown']
uc2.ark+=13960=t51g0nd7x,"Powell, G. H","Powell, G. H. (George Herbert)",1856-1924.,1896.0,1896.0,s,1896,    ,London;Redway;1896.,1896,,,Animal behavior,,QL791.P6,1543517.0,enk,5266191,2,3.0,3.0,,,Animal episodes and studies in sensation,,True,Animal episodes and studies in sensation,0.6028626931735882,0.0217659967378333,George,m,8.927536231884059,20.980256248687247,30.86120996441281,31.080381454135583,223.423487544484,2423.5252846341864,1.7,['unknown'],['unknown']
mdp.39015063924479,"Phillpotts, Eden","Phillpotts, Eden",1862-1960.,1903.0,1903.0,s,1903,    ,"Bristol;J. W. Arrowsmith;London;Simpkin, Marshall, Hamilton, Kent & company limited;1903.",1903,The heart of the scorpion -- The transit of the red dragon -- The mystery of the toadstone.,,,,,2627436.0,enk,321301,1,1.0,1.0,,,The transit of the red dragon and other tales / | $c: by Eden Phillpotts.,,True,The transit of the red dragon and other tales,0.2156569234844232,0.015822989393528,Eden,f,9.526984126984129,25.728636936255985,22.094043887147336,19.95980778490777,190.91222570532915,2109.145900688869,1.9,['fiction'],['english literature']
uiuo.ark+=13960=t8df73z71,,,,1809.0,1809.0,s,1809,    ,London;Printed for W. Miller;1809.,1809,,,,,,12064254.0,enk,8719524,1,1.0,1.0,v.1,1.0,"The English brothers; or, Anecdotes of the Howard family",,True,"The English brothers; or, Anecdotes of the Howard family",0.1028725321570181,0.3977368653164549,,unknown,7.493827160493828,7.367245846669714,24.6030303030303,17.112112029384758,183.6818181818182,1495.31391184573,0.9,['unknown'],['unknown']
nyp.33433074864624,"Glyn, Elinor","Glyn, Elinor",1864-1943.,1913.0,1913.0,s,1913,    ,London;Duckworth;1913.,1913,The contrast.--The point of view.--The Irtonwood ghost.--Her advice.--Fragments.,,English fiction,,,6303253.0,enk,8666998,1,1.0,1.0,,,The contrast : | and ... other stories / | $c: by Elinor Glyn.,,True,The contrast : and ... other stories,0.1269186580921146,0.0679141470615777,Elinor,f,9.098360655737704,8.305079279763504,22.796774193548387,18.25869927159209,183.8258064516129,1602.0728824141518,1.9,['fiction'],['unknown']
ucm.5320307018,,,,1800.0,1800.0,s,1800,    ,Shrewsbury;printed by J. and W. Eddowes...;1800.,1800,,,,,,,enk,9341787,1,1.0,1.0,,,"Tales, anecdotes, and letters / | $c: translated from the arabic and persian by Jonathan Scott.",,True,"Tales, anecdotes, and letters",0.8259872284425493,0.0459575428200733,,unknown,7.052631578947368,9.541852342526798,21.948888888888888,47.88405432098766,168.48666666666668,4410.152044444444,0.4,['fiction'],['unknown']
mdp.39015030847076,"Harte, Bret","Harte, Bret",1836-1902.,1876.0,1876.0,s,1876,    ,"London;New York;Ward, Lock & co.;1876",1876,,,,,,66269333.0,enk,328067,1,1.0,1.0,,,"Wan Lee, the Pagan, | and other stories. | $c: By Bret Harte. [First & second series]",,True,"Wan Lee, the Pagan, and other stories",0.2144735298720192,0.014906286312413,Bret,m,17.74934036939314,185.29073175486107,33.31413612565445,141.30445985581534,342.6649214659686,7239.505523423152,3.1,['fiction'],['unknown']
uc1.b3290800,"Plumptre, Anne","Plumptre, Anne",1760-1818.,1818.0,1818.0,s,1818,    ,London;Printed for H. Colburn;1818.,1818,"v. 1. Zelis; or, The way to be happy. The weathercock. The magic dollar.--v. 2. The spectre of Presburg. The fair of Beaucaire. Tsching-Quang.--v. 3. The family of Valencia. Fanny. Omar and Zemida. Philosophy and love.",,823P73T,,,13403120.0,enk,6128781,2,2.0,2.0,v. 2,2.0,"Tales of wonder, of humour, and of sentiment; | original and translated. | $c: By Anne and Annabella Plumptre ...",The spectre of Presburg. The fair of Beaucaire. Tsching-Quang,True,The spectre of Presburg. The fair of Beaucaire. Tsching-Quang,0.1273413964914832,0.0159756476339066,Anne,f,6.587570621468927,3.660410482300743,23.62116991643454,11.98462147252116,194.21448467966573,1130.3690381049182,2.1,['fiction'],['unknown']
uiuo.ark+=13960=t3st83j7v,"Lewis, M. G","Lewis, M. G. (Matthew Gregory)",1775-1818.,1808.0,1808.0,s,1808,    ,"London;Printed by D.N. Shury, for Longman, Hurst, Rees, and Orme;1808.",1808,,,,,,4739245.0,enk,1422747,2,2.0,2.0,v.2,2.0,Romantic tales,,True,,0.0,0.0,Matthew,m,7.035928143712575,8.645415755315716,26.548961424332344,10.56214283827453,199.08902077151336,1069.3451910292422,1.7,['fiction'],['unknown']
uc2.ark+=13960=t9765gk8p,"Hogg, James","Hogg, James",1770-1835.,1880.0,1835.0,s,1880,    ,London;Hamilton;1880.,1880,,,,,,14251040.0,enk,7689046,1,2.0,2.0,v.02,2.0,"Tales of James Hogg, the Ettrick shepherd",,False,"Tales of James Hogg, the Ettrick shepherd",0.4006018888679743,0.0143096542354681,James,m,31.72102161100197,81.58425357320682,66.86019417475728,87.72414365161653,868.4135922330097,22640.545446319164,2.1,['unknown'],['unknown']
uc2.ark+=13960=t0wp9wv7h,,,,1899.0,1899.0,s,1899,    ,London;Redway;1899.,1899,,,Hunting stories|Fishing stories,,,13165207.0,enk,6515887,2,2.0,2.0,,,"Sporting adventures of Charles Carrington, Esq., and other stories",,True,"Sporting adventures of Charles Carrington, Esq., and other stories",0.6044371978732264,0.331286879996354,,unknown,10.410919540229886,18.73631754525036,30.85386819484241,22.359734320736283,262.55300859598856,2157.7371614354565,2.1,['unknown'],['unknown']
inu.39000005550475,,,,1839.0,1839.0,s,1839,    ,London;C. Tilt;1839.,1839,,,Fables,,,11365988.0,enk,6929221,1,1.0,1.0,,,"Fables, original and selected / | $c: by the most esteemed European and Oriental authors ; with an introductory dissertation on the history of fable, comprising biographical notices of the most eminent fabulists, by G. Moir Bussey ; illustrated by numerous engravings, designed by J.J. Grandville.",,True,"Fables, original and selected",0.4092640951891368,0.9067917326494612,,unknown,18.67951807228916,218.46355639425173,40.41666666666666,248.66898148148152,505.58564814814815,53145.48340513546,2.5,['unknown'],['unknown']
uc1.b3548239,"Disraeli, Isaac","Disraeli, Isaac",1766-1848.,1811.0,1811.0,s,1811,    ,"London;Printed for John Murray and W. Blackwood, Edinburgh;1811.",1811,,,England|Jesuits,,,16921143.0,enk,6672586,2,1.5,1.5,v.2,2.0,"Despotism: or, The fall of the Jesuits. | A political romance, illustrated by historical anecdotes. | $n: 1",,True,"Despotism: or, The fall of the Jesuits. A political romance, illustrated by historical anecdotes. $n: 1",0.5878657899749313,0.1435105425963891,Isaac,m,6.191235059760956,5.461437120045715,19.182879377431902,20.810913109963817,144.44357976653697,1586.8538206483067,2.7,['fiction'],['unknown']
uc2.ark+=13960=t3jw8dj35,"Wood, Henry","Wood, Ellen",1814-1887.,1899.0,1887.0,s,1899,    ,London ;New York;Macmillan;1899.,1899,,,,,,224808149.0,enk,7695163,1,1.0,1.0,,,"Adam Grainger, and other stories",,True,"Adam Grainger, and other stories",0.0857919684757837,0.0303891375954961,Ellen,f,16.761802575107296,31.18575125716076,32.74152542372882,34.8865807239299,265.1737288135593,2073.516428468831,2.8,['unknown'],['unknown']
wu.89005052980,"Tynan, Katharine","Tynan, Katharine",1861-1931.,1902.0,1902.0,s,1902,    ,London;A. H. Bullen;1902.,1902,,,,,,9460313.0,enk,8665657,2,2.0,2.0,,,The handsome quaker and other stories / | $c: Katharine Tynan (Mrs. Hinkson),,True,The handsome quaker and other stories,0.0613130112273108,0.0297134653517231,Katharine,f,14.87007874015748,25.44375038750077,26.134615384615383,29.624186390532547,263.2230769230769,3857.9194674556215,2.2,['fiction'],['unknown']
nyp.33433075909238,"pseud. Crick, Throne","pseud. Crick, Throne",,1847.0,1847.0,s,1847,    ,London;J. Masters;1847.,1847,,,,,,2214604.0,enk,779108,3,3.0,3.0,,,Sketches from the diary of a commercial traveller.,,True,Sketches from the diary of a commercial traveller,0.6574698640918648,0.0257904111615978,Throne,unknown,5.783393501805054,13.73647512674478,27.52068965517241,221.3392271105826,226.0344827586207,4426.233293697978,0.6,['fiction'],['unknown']
nyp.33433074864897,"Glanville, Ernest","Glanville, Ernest",1856-1925.,1897.0,1897.0,s,1897,    ,London;Chatto & Windus;1897.,1897,,,,,,10580638.0,enk,8666602,1,1.0,1.0,,,"Tales from the veld, | $c: by Ernest Glanville ... with twelve illustrations by M. Nisbet.",,True,Tales from the veld,0.5141351942782543,0.0358851242716872,Ernest,m,26.367816091954023,1790.985400977672,32.33972602739726,798.8489697879527,322.9205479452055,50999.212865453184,3.2,['fiction'],['unknown']
uc2.ark+=13960=t1xd0tf0b,"Marshall, H. E","Marshall, H. E",,1907.0,1907.0,s,1907,    ,London;T.C. & E.C. Jack;New York;E.P. Dutton & Co.;pref. 1907,1907,,,Chanson de Roland,,,17316349.0,enk,6505002,1,1.0,1.0,,,Stories of Roland;,,True,Stories of Roland;,0.0736208997916269,0.9089321972430244,H,unknown,12.432,16.117376000000004,26.290076335877863,51.88532136821864,181.9083969465649,3642.1290134607534,1.7,['unknown'],['unknown']
uiuo.ark+=13960=t04x5vj36,"Norton, Caroline Sheridan","Norton, Caroline Sheridan",1808-1877.,1835.0,1835.0,s,1835,    ,London;E. Churton;1835.,1835,,,,,,9736586.0,enk,8719074,1,1.0,1.0,v.1,1.0,"The coquette, and other tales and sketches, in prose and verse",,True,"The coquette, and other tales and sketches, in prose and verse",0.0963879230399976,0.0032388139625693,Caroline,f,5.597345132743363,8.842293836635601,20.392241379310345,45.781491527942926,134.25862068965515,2384.734839476813,2.9,['fiction'],['unknown']
uc1.$b318667,"Goethe, Johann Wolfgang von","Goethe, Johann Wolfgang von",1749-1832.,1873.0,1832.0,s,1873,    ,London;G. Bell & sons;1873.,1873,,,,,,15263413.0,enk,6545234,2,2.0,2.0,,,Novels and tales,,False,Novels and tales,0.3528977024783045,0.0989514337210334,Johann,m,18.275590551181104,33.49491598983199,39.650390625,24.11800765991211,450.513671875,4789.999813079834,2.0,['fiction'],['unknown']
mdp.39015065711627,"Smith, Logan Pearsall","Smith, Logan Pearsall",1865-1946.,1895.0,1895.0,s,1895,    ,London;New York;Macmillan;1895.,1895,The youth of Parnassus.--The will to live.--The claim of the past.--The broken journey.--The sub-warden.--Idyll.--Buller intervening.--The optimist.,,,,PZ3.S6537,22370347.0,enk,5275208,2,3.0,3.0,,,"The youth of Parnassus, and other stories / | $c: by Logan Pearsall Smith.",,True,"The youth of Parnassus, and other stories",0.1682354726249734,0.3005188087153141,Logan,m,8.12167300380228,13.308389596495536,18.54074074074074,19.648340192043893,164.03333333333333,2047.2692592592591,1.2,['fiction'],['fiction and juvenile belles lettres']
uc2.ark+=13960=t8hd7rf9q,"Ganthony, Robert","Ganthony, Robert",,1899.0,1899.0,s,1899,    ,London;H. J. Drane;1899,1899,,,"Ganthony, Robert",,CT788.G25A3,26532609.0,enk,1692573,2,2.0,2.0,,,Random recollections,,True,Random recollections,0.7493959315016904,0.2177784988152167,Robert,m,12.930769230769233,22.749053254437868,40.12452830188679,65.60336062655749,335.25283018867924,7594.151171235315,2.6,['unknown'],['unknown']
uiuo.ark+=13960=t9f47xn9c,"Banks, G. Linnaeus","Banks, G. Linnaeus (George Linnaeus), Mrs",1821-1897.,1884.0,1884.0,s,1884,    ,London;F.V. White;1884.,1884,,,,,,20608153.0,enk,8723646,1,1.0,1.0,v.1,1.0,Sybilla and other stories,,True,Sybilla and other stories,0.0,0.0,George,m,7.616666666666666,11.053055555555556,29.048979591836734,26.19351936693045,189.730612244898,1588.6457975843398,1.5,['fiction'],['unknown']
nyp.33433087358499,"Hunt, Leigh","Hunt, Leigh",1784-1859.,1807.0,1807.0,s,1807,    ,London;J. Hunt and C. Reynell;1807.,1807,v. 1. Mackenzie. Goldsmith. Brooke.--v. 2. Voltaire.--v. 3. Johnson. Marmontel.--v. 4. Marmontel. Hawkesworth.--v. 5. Hawkesworth. Sterne.,,,,PR 1283C62 1807,2312989.0,enk,1023945,1,1.0,1.0,v. 1,1.0,"Classic tales, serious and lively, | with critical essays on the merits and reputation of the authors ...",Mackenzie. Goldsmith. Brooke,True,Mackenzie. Goldsmith. Brooke,0.6206978987630621,0.0673632174778859,Leigh,f,10.464831804281346,14.450598060395214,32.37125748502994,32.9340241672344,305.23353293413174,4833.825701889634,2.1,['fiction'],['unknown']
hvd.hnp662,"St. John, James Augustus","St. John, James Augustus",1795-1875.,1835.0,1835.0,s,1835,    ,London;R. Bentley;1835.,1835,,,,,,4078791.0,enk,9732394,1,1.0,1.0,v.1,1.0,Tales of the Ramad'han / | $c: by J. A. St. John.,,True,Tales of the Ramad'han,0.2419992522555526,0.0153908309076784,James,m,7.1688311688311686,7.568898633833698,22.83333333333333,15.965811965811962,196.5993589743589,1648.656794460881,2.0,['unknown'],['unknown']
inu.30000108972971,"Lady, Gurdon, Eveline Camilla","Gurdon, Eveline Camilla, Lady",1858-1894.,1897.0,1894.0,s,1897,    ,"London;New York [etc.;Longmans, Green, & co.;1897.",1897,,,,,,4999657.0,enk,245039,2,2.0,2.0,,,"Suffolk tales & other stories : | fairy legends, poems, miscellaneous articles / | $c: by the late Lady Camilla Gurdon.",,True,"Suffolk tales & other stories : fairy legends, poems, miscellaneous articles",0.2719044764316158,0.1810617253215215,Eveline,f,15.156164383561643,43.69890035653968,30.64,96.39573333333333,350.344,15765.548330666668,1.7,['unknown'],['unknown']
uc1.b3322731,"Hood, Thomas","Hood, Thomas",1799-1845.,1827.0,1827.0,s,1827,    ,London;William H. Ainsworth;1827.,1827,Contents: v. 1 The Spanish tragedy. The miracle of the holy hermit. The widow of Galicia. The golden cup and the dish of silver. The tragedy of Seville. The lady in love with romance. The eighth sleeper of Ephesus. Madeline.Masetto and his mare. The story of Michel Argenti. The three jewels. Geronimo and Ghisola. The fall of the leaf. Baranga.--v. 2 The exile. The owl. The German knight. The Florentine kinsmen. The carrier's wife. The two faithful lovers of Sicily. The Venetan countess. A tale ,,,,,21431300.0,enk,7915373,1,1.0,1.0,v. 2,2.0,National tales / | $c: by Thomas Hood.,The exile. The owl. The German knight. The Florentine kinsmen. The carrier's wife. The two faithful lovers of Sicily. The Venetan countess. A tale,True,The exile. The owl. The German knight. The Florentine kinsmen. The carrier's wife. The two faithful lovers of Sicily. The Venetan countess. A tale,0.6292133701486436,0.5893310204037275,Thomas,m,5.211453744493392,4.131498767684217,19.565217391304348,30.593572778827983,174.51739130434785,3022.15404536862,2.5,['unknown'],['unknown']
uc2.ark+=13960=t3zs2xs1z,"Ritchie, Anne Thackeray","Ritchie, Anne Thackeray",1837-1919.,1869.0,1869.0,s,1869,    ,"London;Smith, Elder & co.;1869.",1869,,,,,,11349708.0,enk,7707300,1,4.0,4.0,,,"To Esther, and other sketches",,True,"To Esther, and other sketches",0.1150013392039939,0.0310860548886099,Anne,f,13.038461538461538,18.883136094674555,29.40253164556962,27.597461945201086,274.43037974683546,2333.652747957058,2.2,['unknown'],['unknown']
uc1.b2803611,"Rutter, Frank","Rutter, Frank",1876-1937.,1903.0,1903.0,s,1903,    ,London;R.R. Everett;1903,1903,,,University of Cambridge|Students|College stories,,,15734630.0,enk,7347928,1,1.0,1.0,,,"Varsity types : | scenes and characters from undergraduate life / | $c: by Frank Rutter, with twelve original illustrations by Stephen Haweis.",,True,Varsity types : scenes and characters from undergraduate life,0.4725800753389153,0.6363042281743041,Frank,m,8.692682926829269,17.666531826293873,24.74647887323944,51.83244065330952,192.93427230046947,4378.305539024444,1.8,['fiction'],['unknown']
uc2.ark+=13960=t9862t682,"Pease, Howard","Pease, Howard",1894-1974.,1899.0,1899.0,s,1899,    ,London;Methuen;1899.,1899,,,Folklore|England|Northumberland,,,15056515.0,enk,7702455,1,1.0,1.0,,,Tales of Northumbria,,True,Tales of Northumbria,0.3976472790130429,0.0007201079676477,Howard,m,6.786561264822135,6.302269993282196,26.042471042471043,23.65456686692208,208.6872586872587,2585.898331867444,2.0,['fiction'],['unknown']
